st,state,year,under_18_pct,18_to_64_pct,65_and_over_pct
AK,Alaska,1970,39.34,58.42,2.24
AK,Alaska,1971,38.77,58.94,2.29
AK,Alaska,1972,38.08,59.58,2.34
AK,Alaska,1973,37.39,60.19,2.42
AK,Alaska,1974,36.68,60.84,2.48
AK,Alaska,1975,36.15,61.44,2.41
AK,Alaska,1976,35.38,62.25,2.37
AK,Alaska,1977,34.43,63.09,2.48
AK,Alaska,1978,33.74,63.68,2.58
AK,Alaska,1979,32.99,64.26,2.75
AK,Alaska,1981,32.3,64.71,2.99
AK,Alaska,1982,31.93,65.11,2.96
AK,Alaska,1983,31.75,65.34,2.91
AK,Alaska,1984,31.81,65.19,3.0
AK,Alaska,1985,32.16,64.75,3.09
AK,Alaska,1986,32.4,64.39,3.21
AK,Alaska,1987,32.79,63.79,3.42
AK,Alaska,1988,32.15,64.2,3.65
AK,Alaska,1989,31.72,64.42,3.86
AK,Alaska,1990,32.09,63.85,4.06
AK,Alaska,1991,32.06,63.71,4.23
AK,Alaska,1992,31.59,64.06,4.35
AK,Alaska,1993,31.49,63.99,4.52
AK,Alaska,1994,31.38,63.9,4.72
AK,Alaska,1995,30.97,64.07,4.96
AK,Alaska,1996,30.85,64.03,5.12
AK,Alaska,1997,31.1,63.61,5.29
AK,Alaska,1998,31.46,63.09,5.45
AK,Alaska,1999,31.77,62.62,5.61
AK,Alaska,2000,30.35,63.9,5.75
AK,Alaska,2001,29.79,64.31,5.9
AK,Alaska,2002,29.34,64.61,6.05
AK,Alaska,2003,28.82,64.95,6.23
AK,Alaska,2004,28.26,65.35,6.39
AK,Alaska,2005,27.78,65.63,6.59
AK,Alaska,2006,27.48,65.77,6.75
AK,Alaska,2007,27.1,65.9,7.0
AK,Alaska,2008,26.64,66.04,7.32
AK,Alaska,2009,26.66,65.77,7.57
AK,Alaska,2010,27.18,64.79,8.03
AK,Alaska,2011,26.82,64.9,8.28
AK,Alaska,2012,26.56,64.64,8.8
AK,Alaska,2013,26.4,64.33,9.27
AK,Alaska,2014,26.15,64.06,9.79
AK,Alaska,2015,26.01,63.65,10.34
AK,Alaska,2016,25.95,63.19,10.86
AK,Alaska,2017,25.8,62.7,11.5
AK,Alaska,2018,25.54,62.32,12.14
AK,Alaska,2019,25.27,61.91,12.82
AK,Alaska,2020,25.33,61.48,13.19
AK,Alaska,2021,25.11,61.11,13.78
AK,Alaska,2022,24.9,60.82,14.28
AK,Alaska,2023,24.59,60.65,14.76
AK,Alaska,2024,24.35,60.45,15.2
AL,Alabama,1970,35.53,55.05,9.42
AL,Alabama,1971,35.08,55.27,9.65
AL,Alabama,1972,34.5,55.63,9.87
AL,Alabama,1973,33.89,56.02,10.09
AL,Alabama,1974,33.26,56.43,10.31
AL,Alabama,1975,32.69,56.82,10.49
AL,Alabama,1976,32.06,57.36,10.58
AL,Alabama,1977,31.43,57.8,10.77
AL,Alabama,1978,30.85,58.2,10.95
AL,Alabama,1979,30.28,58.55,11.17
AL,Alabama,1981,29.27,59.24,11.49
AL,Alabama,1982,28.75,59.56,11.69
AL,Alabama,1983,28.31,59.85,11.84
AL,Alabama,1984,27.85,60.14,12.01
AL,Alabama,1985,27.49,60.36,12.15
AL,Alabama,1986,27.22,60.49,12.29
AL,Alabama,1987,27.0,60.55,12.45
AL,Alabama,1988,26.88,60.52,12.6
AL,Alabama,1989,26.75,60.48,12.77
AL,Alabama,1990,25.9,61.21,12.89
AL,Alabama,1991,25.78,61.29,12.93
AL,Alabama,1992,25.64,61.38,12.98
AL,Alabama,1993,25.49,61.51,13.0
AL,Alabama,1994,25.4,61.58,13.02
AL,Alabama,1995,25.41,61.53,13.06
AL,Alabama,1996,25.16,61.75,13.09
AL,Alabama,1997,25.11,61.81,13.08
AL,Alabama,1998,24.71,62.26,13.03
AL,Alabama,1999,24.4,62.6,13.0
AL,Alabama,2000,25.21,61.74,13.05
AL,Alabama,2001,25.08,61.85,13.07
AL,Alabama,2002,24.92,62.01,13.07
AL,Alabama,2003,24.72,62.17,13.11
AL,Alabama,2004,24.58,62.31,13.11
AL,Alabama,2005,24.45,62.37,13.18
AL,Alabama,2006,24.34,62.42,13.24
AL,Alabama,2007,24.23,62.46,13.31
AL,Alabama,2008,24.05,62.45,13.5
AL,Alabama,2009,23.84,62.52,13.64
AL,Alabama,2010,23.7,62.44,13.86
AL,Alabama,2011,23.49,62.46,14.05
AL,Alabama,2012,23.27,62.19,14.54
AL,Alabama,2013,23.05,62.01,14.94
AL,Alabama,2014,22.91,61.72,15.37
AL,Alabama,2015,22.79,61.46,15.75
AL,Alabama,2016,22.67,61.18,16.15
AL,Alabama,2017,22.54,60.91,16.55
AL,Alabama,2018,22.4,60.65,16.95
AL,Alabama,2019,22.25,60.35,17.4
AL,Alabama,2020,22.5,60.25,17.25
AL,Alabama,2021,22.4,60.12,17.48
AL,Alabama,2022,22.3,59.87,17.83
AL,Alabama,2023,22.21,59.58,18.21
AL,Alabama,2024,22.05,59.37,18.58
AR,Arkansas,1970,33.78,53.9,12.32
AR,Arkansas,1971,33.44,54.08,12.48
AR,Arkansas,1972,33.0,54.43,12.57
AR,Arkansas,1973,32.54,54.75,12.71
AR,Arkansas,1974,32.07,55.11,12.82
AR,Arkansas,1975,31.69,55.5,12.81
AR,Arkansas,1976,31.08,55.85,13.07
AR,Arkansas,1977,30.54,56.23,13.23
AR,Arkansas,1978,30.06,56.58,13.36
AR,Arkansas,1979,29.6,56.85,13.55
AR,Arkansas,1981,28.78,57.38,13.84
AR,Arkansas,1982,28.31,57.67,14.02
AR,Arkansas,1983,27.83,58.01,14.16
AR,Arkansas,1984,27.44,58.34,14.22
AR,Arkansas,1985,27.19,58.48,14.33
AR,Arkansas,1986,26.87,58.67,14.46
AR,Arkansas,1987,26.75,58.72,14.53
AR,Arkansas,1988,26.75,58.61,14.64
AR,Arkansas,1989,26.71,58.52,14.77
AR,Arkansas,1990,26.35,58.8,14.85
AR,Arkansas,1991,26.29,58.81,14.9
AR,Arkansas,1992,26.43,58.69,14.88
AR,Arkansas,1993,26.22,58.99,14.79
AR,Arkansas,1994,26.24,59.09,14.67
AR,Arkansas,1995,26.37,59.04,14.59
AR,Arkansas,1996,26.38,59.15,14.47
AR,Arkansas,1997,26.17,59.46,14.37
AR,Arkansas,1998,26.03,59.7,14.27
AR,Arkansas,1999,25.88,59.96,14.16
AR,Arkansas,2000,25.4,60.62,13.98
AR,Arkansas,2001,25.25,60.83,13.92
AR,Arkansas,2002,25.09,61.04,13.87
AR,Arkansas,2003,24.94,61.2,13.86
AR,Arkansas,2004,24.85,61.33,13.82
AR,Arkansas,2005,24.8,61.37,13.83
AR,Arkansas,2006,24.73,61.36,13.91
AR,Arkansas,2007,24.67,61.33,14.0
AR,Arkansas,2008,24.55,61.27,14.18
AR,Arkansas,2009,24.44,61.25,14.31
AR,Arkansas,2010,24.41,61.13,14.46
AR,Arkansas,2011,24.25,61.18,14.57
AR,Arkansas,2012,24.14,60.85,15.01
AR,Arkansas,2013,24.01,60.63,15.36
AR,Arkansas,2014,23.88,60.4,15.72
AR,Arkansas,2015,23.77,60.21,16.02
AR,Arkansas,2016,23.65,60.03,16.32
AR,Arkansas,2017,23.55,59.82,16.63
AR,Arkansas,2018,23.4,59.62,16.98
AR,Arkansas,2019,23.26,59.37,17.37
AR,Arkansas,2020,23.47,59.35,17.18
AR,Arkansas,2021,23.33,59.31,17.36
AR,Arkansas,2022,23.24,59.14,17.62
AR,Arkansas,2023,23.02,59.05,17.93
AR,Arkansas,2024,22.75,59.0,18.25
AZ,Arizona,1970,36.06,54.84,9.1
AZ,Arizona,1971,35.42,55.27,9.31
AZ,Arizona,1972,34.7,55.87,9.43
AZ,Arizona,1973,34.01,56.47,9.52
AZ,Arizona,1974,33.34,56.97,9.69
AZ,Arizona,1975,32.67,57.33,10.0
AZ,Arizona,1976,31.78,57.88,10.34
AZ,Arizona,1977,30.98,58.32,10.7
AZ,Arizona,1978,30.24,58.71,11.05
AZ,Arizona,1979,29.66,59.15,11.19
AZ,Arizona,1981,28.45,59.93,11.62
AZ,Arizona,1982,27.95,60.22,11.83
AZ,Arizona,1983,27.57,60.35,12.08
AZ,Arizona,1984,27.31,60.46,12.23
AZ,Arizona,1985,27.16,60.54,12.3
AZ,Arizona,1986,26.84,60.76,12.4
AZ,Arizona,1987,26.88,60.63,12.49
AZ,Arizona,1988,26.88,60.52,12.6
AZ,Arizona,1989,27.13,60.08,12.79
AZ,Arizona,1990,27.35,59.59,13.06
AZ,Arizona,1991,27.37,59.37,13.26
AZ,Arizona,1992,27.35,59.24,13.41
AZ,Arizona,1993,27.49,59.0,13.51
AZ,Arizona,1994,27.11,59.4,13.49
AZ,Arizona,1995,27.37,59.23,13.4
AZ,Arizona,1996,27.54,59.08,13.38
AZ,Arizona,1997,27.32,59.38,13.3
AZ,Arizona,1998,27.67,59.1,13.23
AZ,Arizona,1999,27.93,58.91,13.16
AZ,Arizona,2000,26.61,60.38,13.01
AZ,Arizona,2001,26.53,60.51,12.96
AZ,Arizona,2002,26.46,60.64,12.9
AZ,Arizona,2003,26.38,60.7,12.92
AZ,Arizona,2004,26.26,60.81,12.93
AZ,Arizona,2005,26.19,60.85,12.96
AZ,Arizona,2006,26.12,60.94,12.94
AZ,Arizona,2007,26.07,60.91,13.02
AZ,Arizona,2008,25.93,60.82,13.25
AZ,Arizona,2009,25.66,60.78,13.56
AZ,Arizona,2010,25.47,60.61,13.92
AZ,Arizona,2011,25.05,60.69,14.26
AZ,Arizona,2012,24.74,60.42,14.84
AZ,Arizona,2013,24.47,60.2,15.33
AZ,Arizona,2014,24.2,60.0,15.8
AZ,Arizona,2015,23.92,59.81,16.27
AZ,Arizona,2016,23.63,59.66,16.71
AZ,Arizona,2017,23.31,59.52,17.17
AZ,Arizona,2018,22.94,59.44,17.62
AZ,Arizona,2019,22.58,59.33,18.09
AZ,Arizona,2020,22.33,59.37,18.3
AZ,Arizona,2021,22.03,59.32,18.65
AZ,Arizona,2022,21.7,59.36,18.94
AZ,Arizona,2023,21.35,59.33,19.32
AZ,Arizona,2024,20.99,59.33,19.68
CA,California,1970,33.07,57.95,8.98
CA,California,1971,32.56,58.33,9.11
CA,California,1972,31.9,58.83,9.27
CA,California,1973,31.22,59.37,9.41
CA,California,1974,30.51,59.9,9.59
CA,California,1975,29.86,60.41,9.73
CA,California,1976,29.21,60.96,9.83
CA,California,1977,28.59,61.46,9.95
CA,California,1978,28.03,61.92,10.05
CA,California,1979,27.51,62.33,10.16
CA,California,1981,26.74,63.0,10.26
CA,California,1982,26.54,63.16,10.3
CA,California,1983,26.4,63.25,10.35
CA,California,1984,26.18,63.39,10.43
CA,California,1985,26.06,63.47,10.47
CA,California,1986,26.02,63.44,10.54
CA,California,1987,26.09,63.32,10.59
CA,California,1988,26.21,63.24,10.55
CA,California,1989,26.35,63.15,10.5
CA,California,1990,26.62,62.91,10.47
CA,California,1991,27.0,62.47,10.53
CA,California,1992,27.18,62.24,10.58
CA,California,1993,27.41,61.87,10.72
CA,California,1994,27.69,61.48,10.83
CA,California,1995,27.86,61.16,10.98
CA,California,1996,27.99,60.94,11.07
CA,California,1997,27.69,61.24,11.07
CA,California,1998,27.28,61.67,11.05
CA,California,1999,26.92,62.08,11.0
CA,California,2000,27.27,62.11,10.62
CA,California,2001,27.05,62.36,10.59
CA,California,2002,26.86,62.55,10.59
CA,California,2003,26.68,62.7,10.62
CA,California,2004,26.48,62.88,10.64
CA,California,2005,26.25,63.03,10.72
CA,California,2006,26.01,63.24,10.75
CA,California,2007,25.75,63.36,10.89
CA,California,2008,25.47,63.45,11.08
CA,California,2009,25.15,63.58,11.27
CA,California,2010,24.97,63.53,11.5
CA,California,2011,24.66,63.62,11.72
CA,California,2012,24.33,63.53,12.14
CA,California,2013,24.04,63.45,12.51
CA,California,2014,23.77,63.35,12.88
CA,California,2015,23.53,63.22,13.25
CA,California,2016,23.31,63.07,13.62
CA,California,2017,23.1,62.92,13.98
CA,California,2018,22.85,62.78,14.37
CA,California,2019,22.61,62.58,14.81
CA,California,2020,22.61,62.55,14.84
CA,California,2021,22.4,62.28,15.32
CA,California,2022,22.08,62.19,15.73
CA,California,2023,21.76,62.06,16.18
CA,California,2024,21.42,61.98,16.6
CO,Colorado,1970,34.98,56.56,8.46
CO,Colorado,1971,34.35,57.26,8.39
CO,Colorado,1972,33.67,58.1,8.23
CO,Colorado,1973,32.97,58.91,8.12
CO,Colorado,1974,32.22,59.57,8.21
CO,Colorado,1975,31.54,60.17,8.29
CO,Colorado,1976,30.67,60.93,8.4
CO,Colorado,1977,29.93,61.59,8.48
CO,Colorado,1978,29.25,62.23,8.52
CO,Colorado,1979,28.68,62.83,8.49
CO,Colorado,1981,27.77,63.64,8.59
CO,Colorado,1982,27.42,63.99,8.59
CO,Colorado,1983,27.29,64.06,8.65
CO,Colorado,1984,27.04,64.2,8.76
CO,Colorado,1985,26.87,64.26,8.87
CO,Colorado,1986,26.79,64.15,9.06
CO,Colorado,1987,26.87,63.84,9.29
CO,Colorado,1988,26.83,63.62,9.55
CO,Colorado,1989,26.69,63.5,9.81
CO,Colorado,1990,26.68,63.3,10.02
CO,Colorado,1991,26.6,63.31,10.09
CO,Colorado,1992,26.7,63.2,10.1
CO,Colorado,1993,26.54,63.37,10.09
CO,Colorado,1994,26.33,63.57,10.1
CO,Colorado,1995,26.18,63.73,10.09
CO,Colorado,1996,26.12,63.74,10.14
CO,Colorado,1997,26.21,63.66,10.13
CO,Colorado,1998,26.35,63.54,10.11
CO,Colorado,1999,26.27,63.68,10.05
CO,Colorado,2000,25.58,64.75,9.67
CO,Colorado,2001,25.46,64.93,9.61
CO,Colorado,2002,25.35,65.03,9.62
CO,Colorado,2003,25.27,65.01,9.72
CO,Colorado,2004,25.06,65.1,9.84
CO,Colorado,2005,24.97,65.06,9.97
CO,Colorado,2006,24.82,65.03,10.15
CO,Colorado,2007,24.76,64.94,10.3
CO,Colorado,2008,24.61,64.88,10.51
CO,Colorado,2009,24.48,64.77,10.75
CO,Colorado,2010,24.48,64.46,11.06
CO,Colorado,2011,24.23,64.46,11.31
CO,Colorado,2012,23.97,64.18,11.85
CO,Colorado,2013,23.71,63.99,12.3
CO,Colorado,2014,23.48,63.81,12.71
CO,Colorado,2015,23.22,63.72,13.06
CO,Colorado,2016,22.94,63.63,13.43
CO,Colorado,2017,22.65,63.5,13.85
CO,Colorado,2018,22.33,63.39,14.28
CO,Colorado,2019,21.96,63.3,14.74
CO,Colorado,2020,21.91,63.27,14.82
CO,Colorado,2021,21.55,63.16,15.29
CO,Colorado,2022,21.14,63.17,15.69
CO,Colorado,2023,20.8,63.11,16.09
CO,Colorado,2024,20.48,63.04,16.48
CT,Connecticut,1970,33.32,57.2,9.48
CT,Connecticut,1971,32.83,57.55,9.62
CT,Connecticut,1972,32.17,58.02,9.81
CT,Connecticut,1973,31.45,58.52,10.03
CT,Connecticut,1974,30.72,59.02,10.26
CT,Connecticut,1975,30.02,59.49,10.49
CT,Connecticut,1976,29.24,60.03,10.73
CT,Connecticut,1977,28.44,60.56,11.0
CT,Connecticut,1978,27.67,61.08,11.25
CT,Connecticut,1979,26.91,61.55,11.54
CT,Connecticut,1981,25.6,62.37,12.03
CT,Connecticut,1982,25.03,62.63,12.34
CT,Connecticut,1983,24.56,62.89,12.55
CT,Connecticut,1984,24.03,63.25,12.72
CT,Connecticut,1985,23.64,63.48,12.88
CT,Connecticut,1986,23.38,63.61,13.01
CT,Connecticut,1987,23.21,63.65,13.14
CT,Connecticut,1988,23.18,63.63,13.19
CT,Connecticut,1989,23.19,63.45,13.36
CT,Connecticut,1990,22.86,63.6,13.54
CT,Connecticut,1991,23.17,63.13,13.7
CT,Connecticut,1992,23.49,62.6,13.91
CT,Connecticut,1993,23.82,62.1,14.08
CT,Connecticut,1994,24.06,61.75,14.19
CT,Connecticut,1995,24.21,61.49,14.3
CT,Connecticut,1996,24.19,61.45,14.36
CT,Connecticut,1997,24.16,61.49,14.35
CT,Connecticut,1998,24.68,60.98,14.34
CT,Connecticut,1999,25.24,60.48,14.28
CT,Connecticut,2000,24.69,61.51,13.8
CT,Connecticut,2001,24.64,61.64,13.72
CT,Connecticut,2002,24.54,61.82,13.64
CT,Connecticut,2003,24.43,61.96,13.61
CT,Connecticut,2004,24.28,62.14,13.58
CT,Connecticut,2005,24.07,62.37,13.56
CT,Connecticut,2006,23.86,62.6,13.54
CT,Connecticut,2007,23.63,62.72,13.65
CT,Connecticut,2008,23.31,62.8,13.89
CT,Connecticut,2009,23.05,62.9,14.05
CT,Connecticut,2010,22.81,62.94,14.25
CT,Connecticut,2011,22.47,63.09,14.44
CT,Connecticut,2012,22.15,62.91,14.94
CT,Connecticut,2013,21.82,62.84,15.34
CT,Connecticut,2014,21.54,62.77,15.69
CT,Connecticut,2015,21.28,62.67,16.05
CT,Connecticut,2016,21.06,62.51,16.43
CT,Connecticut,2017,20.84,62.34,16.82
CT,Connecticut,2018,20.63,62.13,17.24
CT,Connecticut,2019,20.43,61.85,17.72
CT,Connecticut,2020,20.69,61.68,17.63
CT,Connecticut,2021,20.34,61.65,18.01
CT,Connecticut,2022,20.2,61.3,18.5
CT,Connecticut,2023,20.01,60.99,19.0
CT,Connecticut,2024,19.83,60.71,19.46
DC,District of Columbia,1970,30.02,60.66,9.32
DC,District of Columbia,1971,29.47,61.07,9.46
DC,District of Columbia,1972,28.81,61.58,9.61
DC,District of Columbia,1973,28.1,62.1,9.8
DC,District of Columbia,1974,27.29,62.62,10.09
DC,District of Columbia,1975,26.51,63.17,10.32
DC,District of Columbia,1976,25.85,63.66,10.49
DC,District of Columbia,1977,25.15,64.02,10.83
DC,District of Columbia,1978,24.45,64.48,11.07
DC,District of Columbia,1979,23.7,64.91,11.39
DC,District of Columbia,1981,22.31,66.08,11.61
DC,District of Columbia,1982,21.6,66.73,11.67
DC,District of Columbia,1983,21.09,67.07,11.84
DC,District of Columbia,1984,20.71,67.36,11.93
DC,District of Columbia,1985,20.63,67.36,12.01
DC,District of Columbia,1986,20.63,67.36,12.01
DC,District of Columbia,1987,20.64,67.22,12.14
DC,District of Columbia,1988,20.68,67.12,12.2
DC,District of Columbia,1989,20.85,66.8,12.35
DC,District of Columbia,1990,18.59,68.64,12.77
DC,District of Columbia,1991,19.34,67.68,12.98
DC,District of Columbia,1992,19.64,67.17,13.19
DC,District of Columbia,1993,19.89,66.74,13.37
DC,District of Columbia,1994,20.22,66.21,13.57
DC,District of Columbia,1995,20.59,65.62,13.79
DC,District of Columbia,1996,20.34,65.76,13.9
DC,District of Columbia,1997,20.08,65.98,13.94
DC,District of Columbia,1998,18.94,67.07,13.99
DC,District of Columbia,1999,18.36,67.75,13.89
DC,District of Columbia,2000,20.02,67.78,12.2
DC,District of Columbia,2001,19.95,68.07,11.98
DC,District of Columbia,2002,19.86,68.27,11.87
DC,District of Columbia,2003,19.6,68.55,11.85
DC,District of Columbia,2004,19.33,68.89,11.78
DC,District of Columbia,2005,18.9,69.36,11.74
DC,District of Columbia,2006,18.51,69.93,11.56
DC,District of Columbia,2007,18.13,70.34,11.53
DC,District of Columbia,2008,17.62,70.87,11.51
DC,District of Columbia,2009,17.24,71.31,11.45
DC,District of Columbia,2010,16.82,71.7,11.48
DC,District of Columbia,2011,16.83,71.8,11.37
DC,District of Columbia,2012,17.02,71.49,11.49
DC,District of Columbia,2013,17.28,71.15,11.57
DC,District of Columbia,2014,17.54,70.74,11.72
DC,District of Columbia,2015,17.7,70.41,11.89
DC,District of Columbia,2016,17.8,70.19,12.01
DC,District of Columbia,2017,18.02,69.89,12.09
DC,District of Columbia,2018,18.09,69.64,12.27
DC,District of Columbia,2019,18.16,69.33,12.51
DC,District of Columbia,2020,18.93,68.5,12.57
DC,District of Columbia,2021,18.82,68.34,12.84
DC,District of Columbia,2022,18.82,68.25,12.93
DC,District of Columbia,2023,18.76,68.24,13.0
DC,District of Columbia,2024,18.57,68.42,13.01
DE,Delaware,1970,35.71,56.34,7.95
DE,Delaware,1971,35.16,56.85,7.99
DE,Delaware,1972,34.43,57.47,8.1
DE,Delaware,1973,33.65,58.1,8.25
DE,Delaware,1974,32.84,58.72,8.44
DE,Delaware,1975,32.09,59.3,8.61
DE,Delaware,1976,31.27,59.91,8.82
DE,Delaware,1977,30.46,60.44,9.1
DE,Delaware,1978,29.64,61.02,9.34
DE,Delaware,1979,28.84,61.51,9.65
DE,Delaware,1981,27.38,62.36,10.26
DE,Delaware,1982,27.0,62.45,10.55
DE,Delaware,1983,26.68,62.55,10.77
DE,Delaware,1984,26.22,62.75,11.03
DE,Delaware,1985,25.92,62.81,11.27
DE,Delaware,1986,25.62,62.92,11.46
DE,Delaware,1987,25.29,63.04,11.67
DE,Delaware,1988,25.19,62.99,11.82
DE,Delaware,1989,25.15,62.89,11.96
DE,Delaware,1990,24.72,63.2,12.08
DE,Delaware,1991,24.79,63.02,12.19
DE,Delaware,1992,24.91,62.76,12.33
DE,Delaware,1993,24.82,62.69,12.49
DE,Delaware,1994,24.89,62.52,12.59
DE,Delaware,1995,24.52,62.77,12.71
DE,Delaware,1996,24.36,62.78,12.86
DE,Delaware,1997,24.28,62.81,12.91
DE,Delaware,1998,24.19,62.8,13.01
DE,Delaware,1999,24.21,62.77,13.02
DE,Delaware,2000,24.79,62.22,12.99
DE,Delaware,2001,24.64,62.36,13.0
DE,Delaware,2002,24.43,62.54,13.03
DE,Delaware,2003,24.21,62.7,13.09
DE,Delaware,2004,24.03,62.8,13.17
DE,Delaware,2005,23.9,62.84,13.26
DE,Delaware,2006,23.71,62.81,13.48
DE,Delaware,2007,23.53,62.8,13.67
DE,Delaware,2008,23.32,62.68,14.0
DE,Delaware,2009,23.13,62.66,14.21
DE,Delaware,2010,22.95,62.53,14.52
DE,Delaware,2011,22.67,62.53,14.8
DE,Delaware,2012,22.4,62.16,15.44
DE,Delaware,2013,22.12,61.84,16.04
DE,Delaware,2014,21.91,61.52,16.57
DE,Delaware,2015,21.73,61.18,17.09
DE,Delaware,2016,21.56,60.79,17.65
DE,Delaware,2017,21.39,60.36,18.25
DE,Delaware,2018,21.19,59.96,18.85
DE,Delaware,2019,20.99,59.54,19.47
DE,Delaware,2020,21.26,59.28,19.46
DE,Delaware,2021,20.96,59.03,20.01
DE,Delaware,2022,20.8,58.58,20.62
DE,Delaware,2023,20.64,58.13,21.23
DE,Delaware,2024,20.38,57.78,21.84
FL,Florida,1970,30.76,54.67,14.57
FL,Florida,1971,30.11,54.91,14.98
FL,Florida,1972,29.45,55.33,15.22
FL,Florida,1973,28.83,55.81,15.36
FL,Florida,1974,28.22,56.31,15.47
FL,Florida,1975,27.58,56.55,15.87
FL,Florida,1976,26.74,56.98,16.28
FL,Florida,1977,25.96,57.36,16.68
FL,Florida,1978,25.22,57.68,17.1
FL,Florida,1979,24.59,58.09,17.32
FL,Florida,1981,23.74,58.96,17.3
FL,Florida,1982,23.32,59.27,17.41
FL,Florida,1983,22.92,59.55,17.53
FL,Florida,1984,22.55,59.8,17.65
FL,Florida,1985,22.33,59.92,17.75
FL,Florida,1986,22.25,59.89,17.86
FL,Florida,1987,22.18,59.86,17.96
FL,Florida,1988,22.36,59.58,18.06
FL,Florida,1989,22.43,59.38,18.19
FL,Florida,1990,22.96,58.81,18.23
FL,Florida,1991,22.9,58.8,18.3
FL,Florida,1992,23.07,58.59,18.34
FL,Florida,1993,23.38,58.14,18.48
FL,Florida,1994,23.55,57.91,18.54
FL,Florida,1995,23.63,57.85,18.52
FL,Florida,1996,23.65,57.8,18.55
FL,Florida,1997,23.7,57.88,18.42
FL,Florida,1998,23.66,58.06,18.28
FL,Florida,1999,23.62,58.24,18.14
FL,Florida,2000,22.78,59.7,17.52
FL,Florida,2001,22.71,59.97,17.32
FL,Florida,2002,22.62,60.25,17.13
FL,Florida,2003,22.47,60.54,16.99
FL,Florida,2004,22.34,60.82,16.84
FL,Florida,2005,22.24,61.05,16.71
FL,Florida,2006,22.14,61.32,16.54
FL,Florida,2007,21.95,61.43,16.62
FL,Florida,2008,21.69,61.39,16.92
FL,Florida,2009,21.43,61.38,17.19
FL,Florida,2010,21.29,61.25,17.46
FL,Florida,2011,21.06,61.25,17.69
FL,Florida,2012,20.84,60.92,18.24
FL,Florida,2013,20.65,60.68,18.67
FL,Florida,2014,20.5,60.44,19.06
FL,Florida,2015,20.37,60.21,19.42
FL,Florida,2016,20.25,59.97,19.78
FL,Florida,2017,20.11,59.76,20.13
FL,Florida,2018,19.95,59.54,20.51
FL,Florida,2019,19.76,59.26,20.98
FL,Florida,2020,19.86,59.28,20.86
FL,Florida,2021,19.67,59.09,21.24
FL,Florida,2022,19.6,59.0,21.4
FL,Florida,2023,19.48,58.91,21.61
FL,Florida,2024,19.3,58.86,21.84
GA,Georgia,1970,35.67,56.37,7.96
GA,Georgia,1971,35.3,56.6,8.1
GA,Georgia,1972,34.78,56.99,8.23
GA,Georgia,1973,34.28,57.38,8.34
GA,Georgia,1974,33.67,57.8,8.53
GA,Georgia,1975,33.11,58.16,8.73
GA,Georgia,1976,32.4,58.72,8.88
GA,Georgia,1977,31.72,59.22,9.06
GA,Georgia,1978,31.12,59.64,9.24
GA,Georgia,1979,30.56,60.06,9.38
GA,Georgia,1981,29.57,60.86,9.57
GA,Georgia,1982,29.06,61.26,9.68
GA,Georgia,1983,28.61,61.62,9.77
GA,Georgia,1984,28.08,62.08,9.84
GA,Georgia,1985,27.74,62.41,9.85
GA,Georgia,1986,27.42,62.71,9.87
GA,Georgia,1987,27.19,62.91,9.9
GA,Georgia,1988,27.18,62.89,9.93
GA,Georgia,1989,27.19,62.82,9.99
GA,Georgia,1990,26.83,63.11,10.06
GA,Georgia,1991,26.7,63.22,10.08
GA,Georgia,1992,26.73,63.18,10.09
GA,Georgia,1993,26.81,63.09,10.1
GA,Georgia,1994,26.73,63.22,10.05
GA,Georgia,1995,26.71,63.27,10.02
GA,Georgia,1996,26.68,63.34,9.98
GA,Georgia,1997,26.59,63.48,9.93
GA,Georgia,1998,26.53,63.61,9.86
GA,Georgia,1999,26.41,63.82,9.77
GA,Georgia,2000,26.46,63.96,9.58
GA,Georgia,2001,26.45,64.0,9.55
GA,Georgia,2002,26.44,64.01,9.55
GA,Georgia,2003,26.43,63.97,9.6
GA,Georgia,2004,26.33,64.06,9.61
GA,Georgia,2005,26.37,63.9,9.73
GA,Georgia,2006,26.28,63.83,9.89
GA,Georgia,2007,26.27,63.73,10.0
GA,Georgia,2008,26.08,63.69,10.23
GA,Georgia,2009,25.84,63.7,10.46
GA,Georgia,2010,25.79,63.43,10.78
GA,Georgia,2011,25.54,63.41,11.05
GA,Georgia,2012,25.25,63.17,11.58
GA,Georgia,2013,25.06,62.89,12.05
GA,Georgia,2014,24.88,62.64,12.48
GA,Georgia,2015,24.7,62.44,12.86
GA,Georgia,2016,24.5,62.28,13.22
GA,Georgia,2017,24.27,62.15,13.58
GA,Georgia,2018,24.0,62.03,13.97
GA,Georgia,2019,23.71,61.91,14.38
GA,Georgia,2020,23.88,61.75,14.37
GA,Georgia,2021,23.64,61.63,14.73
GA,Georgia,2022,23.4,61.56,15.04
GA,Georgia,2023,23.15,61.43,15.42
GA,Georgia,2024,22.84,61.34,15.82
HI,Hawaii,1970,35.48,58.79,5.73
HI,Hawaii,1971,34.82,59.28,5.9
HI,Hawaii,1972,34.09,59.87,6.04
HI,Hawaii,1973,33.34,60.46,6.2
HI,Hawaii,1974,32.54,60.99,6.47
HI,Hawaii,1975,31.81,61.48,6.71
HI,Hawaii,1976,31.14,61.92,6.94
HI,Hawaii,1977,30.47,62.31,7.22
HI,Hawaii,1978,29.75,62.72,7.53
HI,Hawaii,1979,29.17,63.06,7.77
HI,Hawaii,1981,28.38,63.33,8.29
HI,Hawaii,1982,28.05,63.36,8.59
HI,Hawaii,1983,27.74,63.39,8.87
HI,Hawaii,1984,27.47,63.33,9.2
HI,Hawaii,1985,27.28,63.18,9.54
HI,Hawaii,1986,26.75,63.33,9.92
HI,Hawaii,1987,26.29,63.42,10.29
HI,Hawaii,1988,26.09,63.27,10.64
HI,Hawaii,1989,25.86,63.18,10.96
HI,Hawaii,1990,25.14,63.62,11.24
HI,Hawaii,1991,25.34,63.22,11.44
HI,Hawaii,1992,25.46,62.83,11.71
HI,Hawaii,1993,25.68,62.26,12.06
HI,Hawaii,1994,25.83,61.81,12.36
HI,Hawaii,1995,25.83,61.51,12.66
HI,Hawaii,1996,25.7,61.34,12.96
HI,Hawaii,1997,25.36,61.48,13.16
HI,Hawaii,1998,24.83,61.78,13.39
HI,Hawaii,1999,24.41,61.93,13.66
HI,Hawaii,2000,24.34,62.38,13.28
HI,Hawaii,2001,23.99,62.68,13.33
HI,Hawaii,2002,23.68,62.97,13.35
HI,Hawaii,2003,23.54,63.03,13.43
HI,Hawaii,2004,23.41,63.21,13.38
HI,Hawaii,2005,23.09,63.43,13.48
HI,Hawaii,2006,22.85,63.65,13.5
HI,Hawaii,2007,22.82,63.53,13.65
HI,Hawaii,2008,22.6,63.55,13.85
HI,Hawaii,2009,22.48,63.38,14.14
HI,Hawaii,2010,22.94,62.22,14.84
HI,Hawaii,2011,22.84,62.0,15.16
HI,Hawaii,2012,22.74,61.57,15.69
HI,Hawaii,2013,22.67,61.1,16.23
HI,Hawaii,2014,22.52,60.69,16.79
HI,Hawaii,2015,22.43,60.23,17.34
HI,Hawaii,2016,22.27,59.89,17.84
HI,Hawaii,2017,22.14,59.43,18.43
HI,Hawaii,2018,21.99,58.98,19.03
HI,Hawaii,2019,21.85,58.52,19.63
HI,Hawaii,2020,21.74,58.42,19.84
HI,Hawaii,2021,21.45,58.0,20.55
HI,Hawaii,2022,21.23,57.64,21.13
HI,Hawaii,2023,21.05,57.31,21.64
HI,Hawaii,2024,20.86,57.07,22.07
IA,Iowa,1970,34.32,53.33,12.35
IA,Iowa,1971,33.88,53.75,12.37
IA,Iowa,1972,33.26,54.31,12.43
IA,Iowa,1973,32.58,54.89,12.53
IA,Iowa,1974,31.91,55.46,12.63
IA,Iowa,1975,31.28,56.03,12.69
IA,Iowa,1976,30.66,56.59,12.75
IA,Iowa,1977,30.05,57.07,12.88
IA,Iowa,1978,29.47,57.53,13.0
IA,Iowa,1979,28.92,57.95,13.13
IA,Iowa,1981,28.04,58.4,13.56
IA,Iowa,1982,27.69,58.5,13.81
IA,Iowa,1983,27.34,58.6,14.06
IA,Iowa,1984,27.02,58.73,14.25
IA,Iowa,1985,26.76,58.77,14.47
IA,Iowa,1986,26.46,58.72,14.82
IA,Iowa,1987,26.19,58.71,15.1
IA,Iowa,1988,26.06,58.74,15.2
IA,Iowa,1989,26.18,58.52,15.3
IA,Iowa,1990,25.88,58.77,15.35
IA,Iowa,1991,25.93,58.7,15.37
IA,Iowa,1992,25.76,58.88,15.36
IA,Iowa,1993,25.72,58.93,15.35
IA,Iowa,1994,25.63,59.05,15.32
IA,Iowa,1995,25.45,59.26,15.29
IA,Iowa,1996,25.42,59.35,15.23
IA,Iowa,1997,25.35,59.5,15.15
IA,Iowa,1998,25.25,59.7,15.05
IA,Iowa,1999,25.08,59.99,14.93
IA,Iowa,2000,25.04,60.06,14.9
IA,Iowa,2001,24.85,60.29,14.86
IA,Iowa,2002,24.66,60.53,14.81
IA,Iowa,2003,24.48,60.74,14.78
IA,Iowa,2004,24.33,60.93,14.74
IA,Iowa,2005,24.24,61.05,14.71
IA,Iowa,2006,24.2,61.1,14.7
IA,Iowa,2007,24.13,61.13,14.74
IA,Iowa,2008,24.05,61.14,14.81
IA,Iowa,2009,23.97,61.19,14.84
IA,Iowa,2010,23.89,61.23,14.88
IA,Iowa,2011,23.72,61.37,14.91
IA,Iowa,2012,23.57,61.16,15.27
IA,Iowa,2013,23.5,61.01,15.49
IA,Iowa,2014,23.45,60.8,15.75
IA,Iowa,2015,23.39,60.58,16.03
IA,Iowa,2016,23.35,60.28,16.37
IA,Iowa,2017,23.29,60.0,16.71
IA,Iowa,2018,23.18,59.73,17.09
IA,Iowa,2019,23.05,59.46,17.49
IA,Iowa,2020,23.26,59.29,17.45
IA,Iowa,2021,23.05,59.18,17.77
IA,Iowa,2022,22.91,58.94,18.15
IA,Iowa,2023,22.75,58.71,18.54
IA,Iowa,2024,22.54,58.57,18.89
ID,Idaho,1970,36.57,53.98,9.45
ID,Idaho,1971,36.22,54.3,9.48
ID,Idaho,1972,35.74,54.8,9.46
ID,Idaho,1973,35.2,55.29,9.51
ID,Idaho,1974,34.73,55.74,9.53
ID,Idaho,1975,34.29,56.16,9.55
ID,Idaho,1976,33.87,56.6,9.53
ID,Idaho,1977,33.49,56.92,9.59
ID,Idaho,1978,33.17,57.19,9.64
ID,Idaho,1979,32.87,57.36,9.77
ID,Idaho,1981,32.48,57.36,10.16
ID,Idaho,1982,32.37,57.26,10.37
ID,Idaho,1983,32.15,57.26,10.59
ID,Idaho,1984,31.93,57.34,10.73
ID,Idaho,1985,31.68,57.39,10.93
ID,Idaho,1986,31.44,57.34,11.22
ID,Idaho,1987,31.17,57.26,11.57
ID,Idaho,1988,30.97,57.2,11.83
ID,Idaho,1989,30.87,57.15,11.98
ID,Idaho,1990,30.94,57.04,12.02
ID,Idaho,1991,30.39,57.66,11.95
ID,Idaho,1992,30.3,57.82,11.88
ID,Idaho,1993,30.08,58.2,11.72
ID,Idaho,1994,30.0,58.44,11.56
ID,Idaho,1995,29.59,58.95,11.46
ID,Idaho,1996,29.31,59.26,11.43
ID,Idaho,1997,28.98,59.66,11.36
ID,Idaho,1998,28.6,60.04,11.36
ID,Idaho,1999,28.0,60.65,11.35
ID,Idaho,2000,28.51,60.22,11.27
ID,Idaho,2001,28.27,60.45,11.28
ID,Idaho,2002,28.05,60.62,11.33
ID,Idaho,2003,27.82,60.8,11.38
ID,Idaho,2004,27.64,60.93,11.43
ID,Idaho,2005,27.63,60.88,11.49
ID,Idaho,2006,27.56,60.81,11.63
ID,Idaho,2007,27.57,60.71,11.72
ID,Idaho,2008,27.53,60.53,11.94
ID,Idaho,2009,27.41,60.38,12.21
ID,Idaho,2010,27.41,60.07,12.52
ID,Idaho,2011,27.16,60.06,12.78
ID,Idaho,2012,26.88,59.8,13.32
ID,Idaho,2013,26.68,59.53,13.79
ID,Idaho,2014,26.49,59.29,14.22
ID,Idaho,2015,26.32,59.04,14.64
ID,Idaho,2016,26.07,58.91,15.02
ID,Idaho,2017,25.81,58.78,15.41
ID,Idaho,2018,25.46,58.69,15.85
ID,Idaho,2019,25.1,58.6,16.3
ID,Idaho,2020,24.83,58.81,16.36
ID,Idaho,2021,24.5,58.87,16.63
ID,Idaho,2022,24.19,58.87,16.94
ID,Idaho,2023,23.83,58.82,17.35
ID,Idaho,2024,23.44,58.82,17.74
IL,Illinois,1970,33.94,56.26,9.8
IL,Illinois,1971,33.56,56.57,9.87
IL,Illinois,1972,33.03,57.02,9.95
IL,Illinois,1973,32.45,57.47,10.08
IL,Illinois,1974,31.84,57.93,10.23
IL,Illinois,1975,31.26,58.37,10.37
IL,Illinois,1976,30.63,58.9,10.47
IL,Illinois,1977,30.01,59.39,10.6
IL,Illinois,1978,29.43,59.86,10.71
IL,Illinois,1979,28.85,60.25,10.9
IL,Illinois,1981,28.05,60.7,11.25
IL,Illinois,1982,27.73,60.83,11.44
IL,Illinois,1983,27.43,60.93,11.64
IL,Illinois,1984,27.17,61.06,11.77
IL,Illinois,1985,26.9,61.19,11.91
IL,Illinois,1986,26.73,61.21,12.06
IL,Illinois,1987,26.53,61.25,12.22
IL,Illinois,1988,26.33,61.34,12.33
IL,Illinois,1989,26.24,61.32,12.44
IL,Illinois,1990,25.68,61.79,12.53
IL,Illinois,1991,25.86,61.56,12.58
IL,Illinois,1992,25.98,61.41,12.61
IL,Illinois,1993,26.02,61.35,12.63
IL,Illinois,1994,26.17,61.22,12.61
IL,Illinois,1995,26.31,61.09,12.6
IL,Illinois,1996,26.43,61.02,12.55
IL,Illinois,1997,26.5,61.03,12.47
IL,Illinois,1998,26.35,61.24,12.41
IL,Illinois,1999,26.23,61.43,12.34
IL,Illinois,2000,26.1,61.83,12.07
IL,Illinois,2001,25.97,62.01,12.02
IL,Illinois,2002,25.85,62.18,11.97
IL,Illinois,2003,25.69,62.32,11.99
IL,Illinois,2004,25.51,62.49,12.0
IL,Illinois,2005,25.36,62.61,12.03
IL,Illinois,2006,25.16,62.79,12.05
IL,Illinois,2007,24.97,62.88,12.15
IL,Illinois,2008,24.74,62.95,12.31
IL,Illinois,2009,24.52,63.04,12.44
IL,Illinois,2010,24.39,62.99,12.62
IL,Illinois,2011,24.09,63.12,12.79
IL,Illinois,2012,23.8,62.96,13.24
IL,Illinois,2013,23.52,62.87,13.61
IL,Illinois,2014,23.28,62.73,13.99
IL,Illinois,2015,23.09,62.54,14.37
IL,Illinois,2016,22.91,62.3,14.79
IL,Illinois,2017,22.72,62.07,15.21
IL,Illinois,2018,22.5,61.83,15.67
IL,Illinois,2019,22.29,61.55,16.16
IL,Illinois,2020,22.45,61.47,16.08
IL,Illinois,2021,22.18,61.26,16.56
IL,Illinois,2022,21.89,61.07,17.04
IL,Illinois,2023,21.58,60.92,17.5
IL,Illinois,2024,21.25,60.86,17.89
IN,Indiana,1970,35.23,55.3,9.47
IN,Indiana,1971,34.83,55.63,9.54
IN,Indiana,1972,34.28,56.11,9.61
IN,Indiana,1973,33.68,56.62,9.7
IN,Indiana,1974,33.07,57.09,9.84
IN,Indiana,1975,32.46,57.54,10.0
IN,Indiana,1976,31.79,58.06,10.15
IN,Indiana,1977,31.14,58.56,10.3
IN,Indiana,1978,30.56,59.06,10.38
IN,Indiana,1979,29.99,59.49,10.52
IN,Indiana,1981,28.99,60.06,10.95
IN,Indiana,1982,28.55,60.27,11.18
IN,Indiana,1983,28.12,60.45,11.43
IN,Indiana,1984,27.68,60.73,11.59
IN,Indiana,1985,27.32,60.92,11.76
IN,Indiana,1986,26.98,61.04,11.98
IN,Indiana,1987,26.74,61.1,12.16
IN,Indiana,1988,26.61,61.1,12.29
IN,Indiana,1989,26.66,60.92,12.42
IN,Indiana,1990,25.86,61.59,12.55
IN,Indiana,1991,25.82,61.57,12.61
IN,Indiana,1992,25.73,61.6,12.67
IN,Indiana,1993,25.63,61.67,12.7
IN,Indiana,1994,25.7,61.6,12.7
IN,Indiana,1995,25.7,61.6,12.7
IN,Indiana,1996,25.62,61.71,12.67
IN,Indiana,1997,25.74,61.65,12.61
IN,Indiana,1998,25.73,61.7,12.57
IN,Indiana,1999,25.73,61.77,12.5
IN,Indiana,2000,25.85,61.78,12.37
IN,Indiana,2001,25.78,61.88,12.34
IN,Indiana,2002,25.68,62.01,12.31
IN,Indiana,2003,25.54,62.13,12.33
IN,Indiana,2004,25.45,62.21,12.34
IN,Indiana,2005,25.39,62.25,12.36
IN,Indiana,2006,25.31,62.26,12.43
IN,Indiana,2007,25.23,62.23,12.54
IN,Indiana,2008,25.08,62.19,12.73
IN,Indiana,2009,24.92,62.22,12.86
IN,Indiana,2010,24.77,62.21,13.02
IN,Indiana,2011,24.55,62.29,13.16
IN,Indiana,2012,24.33,62.07,13.6
IN,Indiana,2013,24.16,61.91,13.93
IN,Indiana,2014,24.01,61.7,14.29
IN,Indiana,2015,23.89,61.48,14.63
IN,Indiana,2016,23.76,61.25,14.99
IN,Indiana,2017,23.63,61.02,15.35
IN,Indiana,2018,23.48,60.81,15.71
IN,Indiana,2019,23.33,60.56,16.11
IN,Indiana,2020,23.62,60.33,16.05
IN,Indiana,2021,23.43,60.19,16.38
IN,Indiana,2022,23.31,59.95,16.74
IN,Indiana,2023,23.14,59.71,17.15
IN,Indiana,2024,22.91,59.56,17.53
KS,Kansas,1970,33.12,55.07,11.81
KS,Kansas,1971,32.64,55.34,12.02
KS,Kansas,1972,32.03,55.8,12.17
KS,Kansas,1973,31.39,56.29,12.32
KS,Kansas,1974,30.74,56.78,12.48
KS,Kansas,1975,30.13,57.28,12.59
KS,Kansas,1976,29.57,57.81,12.62
KS,Kansas,1977,29.02,58.27,12.71
KS,Kansas,1978,28.52,58.67,12.81
KS,Kansas,1979,28.05,59.05,12.9
KS,Kansas,1981,27.38,59.58,13.04
KS,Kansas,1982,27.18,59.7,13.12
KS,Kansas,1983,26.99,59.82,13.19
KS,Kansas,1984,26.79,59.93,13.28
KS,Kansas,1985,26.76,59.86,13.38
KS,Kansas,1986,26.57,59.9,13.53
KS,Kansas,1987,26.7,59.68,13.62
KS,Kansas,1988,26.76,59.58,13.66
KS,Kansas,1989,26.99,59.27,13.74
KS,Kansas,1990,26.7,59.48,13.82
KS,Kansas,1991,26.86,59.27,13.87
KS,Kansas,1992,26.82,59.35,13.83
KS,Kansas,1993,26.79,59.4,13.81
KS,Kansas,1994,26.76,59.49,13.75
KS,Kansas,1995,26.54,59.73,13.73
KS,Kansas,1996,26.45,59.85,13.7
KS,Kansas,1997,26.49,59.91,13.6
KS,Kansas,1998,26.44,60.1,13.46
KS,Kansas,1999,26.32,60.34,13.34
KS,Kansas,2000,26.5,60.26,13.24
KS,Kansas,2001,26.31,60.53,13.16
KS,Kansas,2002,26.14,60.8,13.06
KS,Kansas,2003,26.0,60.98,13.02
KS,Kansas,2004,25.8,61.19,13.01
KS,Kansas,2005,25.67,61.33,13.0
KS,Kansas,2006,25.53,61.46,13.01
KS,Kansas,2007,25.54,61.44,13.02
KS,Kansas,2008,25.45,61.47,13.08
KS,Kansas,2009,25.48,61.38,13.14
KS,Kansas,2010,25.64,61.07,13.29
KS,Kansas,2011,25.51,61.11,13.38
KS,Kansas,2012,25.38,60.86,13.76
KS,Kansas,2013,25.25,60.66,14.09
KS,Kansas,2014,25.1,60.5,14.4
KS,Kansas,2015,24.98,60.3,14.72
KS,Kansas,2016,24.81,60.1,15.09
KS,Kansas,2017,24.66,59.83,15.51
KS,Kansas,2018,24.45,59.61,15.94
KS,Kansas,2019,24.27,59.3,16.43
KS,Kansas,2020,24.43,59.26,16.31
KS,Kansas,2021,24.17,59.13,16.7
KS,Kansas,2022,23.98,58.89,17.13
KS,Kansas,2023,23.77,58.7,17.53
KS,Kansas,2024,23.48,58.62,17.9
KY,Kentucky,1970,34.55,55.03,10.42
KY,Kentucky,1971,34.23,55.32,10.45
KY,Kentucky,1972,33.74,55.72,10.54
KY,Kentucky,1973,33.2,56.15,10.65
KY,Kentucky,1974,32.66,56.61,10.73
KY,Kentucky,1975,32.18,57.05,10.77
KY,Kentucky,1976,31.6,57.61,10.79
KY,Kentucky,1977,31.04,58.08,10.88
KY,Kentucky,1978,30.52,58.52,10.96
KY,Kentucky,1979,30.01,58.91,11.08
KY,Kentucky,1981,29.15,59.48,11.37
KY,Kentucky,1982,28.73,59.79,11.48
KY,Kentucky,1983,28.25,60.16,11.59
KY,Kentucky,1984,27.94,60.33,11.73
KY,Kentucky,1985,27.54,60.61,11.85
KY,Kentucky,1986,27.15,60.81,12.04
KY,Kentucky,1987,26.81,60.96,12.23
KY,Kentucky,1988,26.5,61.12,12.38
KY,Kentucky,1989,26.3,61.16,12.54
KY,Kentucky,1990,25.6,61.77,12.63
KY,Kentucky,1991,25.53,61.8,12.67
KY,Kentucky,1992,25.51,61.81,12.68
KY,Kentucky,1993,25.39,61.92,12.69
KY,Kentucky,1994,25.39,61.96,12.65
KY,Kentucky,1995,25.19,62.15,12.66
KY,Kentucky,1996,25.01,62.35,12.64
KY,Kentucky,1997,25.16,62.26,12.58
KY,Kentucky,1998,24.78,62.7,12.52
KY,Kentucky,1999,24.38,63.17,12.45
KY,Kentucky,2000,24.57,62.94,12.49
KY,Kentucky,2001,24.44,63.09,12.47
KY,Kentucky,2002,24.33,63.23,12.44
KY,Kentucky,2003,24.25,63.27,12.48
KY,Kentucky,2004,24.08,63.41,12.51
KY,Kentucky,2005,24.0,63.38,12.62
KY,Kentucky,2006,23.97,63.27,12.76
KY,Kentucky,2007,23.88,63.25,12.87
KY,Kentucky,2008,23.82,63.11,13.07
KY,Kentucky,2009,23.67,63.11,13.22
KY,Kentucky,2010,23.65,62.94,13.41
KY,Kentucky,2011,23.5,62.92,13.58
KY,Kentucky,2012,23.35,62.57,14.08
KY,Kentucky,2013,23.19,62.36,14.45
KY,Kentucky,2014,23.08,62.03,14.89
KY,Kentucky,2015,22.97,61.78,15.25
KY,Kentucky,2016,22.89,61.48,15.63
KY,Kentucky,2017,22.78,61.22,16.0
KY,Kentucky,2018,22.67,60.93,16.4
KY,Kentucky,2019,22.54,60.62,16.84
KY,Kentucky,2020,22.85,60.38,16.77
KY,Kentucky,2021,22.77,60.12,17.11
KY,Kentucky,2022,22.68,59.89,17.43
KY,Kentucky,2023,22.58,59.65,17.77
KY,Kentucky,2024,22.43,59.49,18.08
LA,Louisiana,1970,37.87,53.76,8.37
LA,Louisiana,1971,37.3,54.15,8.55
LA,Louisiana,1972,36.6,54.67,8.73
LA,Louisiana,1973,35.88,55.17,8.95
LA,Louisiana,1974,35.1,55.74,9.16
LA,Louisiana,1975,34.43,56.3,9.27
LA,Louisiana,1976,33.82,56.85,9.33
LA,Louisiana,1977,33.17,57.39,9.44
LA,Louisiana,1978,32.56,57.89,9.55
LA,Louisiana,1979,32.04,58.34,9.62
LA,Louisiana,1981,31.27,59.17,9.56
LA,Louisiana,1982,30.92,59.57,9.51
LA,Louisiana,1983,30.67,59.79,9.54
LA,Louisiana,1984,30.42,59.95,9.63
LA,Louisiana,1985,30.27,59.95,9.78
LA,Louisiana,1986,30.06,59.81,10.13
LA,Louisiana,1987,29.93,59.63,10.44
LA,Louisiana,1988,29.89,59.44,10.67
LA,Louisiana,1989,29.67,59.45,10.88
LA,Louisiana,1990,28.55,60.34,11.11
LA,Louisiana,1991,28.7,60.12,11.18
LA,Louisiana,1992,28.74,60.01,11.25
LA,Louisiana,1993,28.6,60.05,11.35
LA,Louisiana,1994,28.55,60.07,11.38
LA,Louisiana,1995,28.38,60.18,11.44
LA,Louisiana,1996,28.08,60.44,11.48
LA,Louisiana,1997,27.81,60.68,11.51
LA,Louisiana,1998,27.49,61.02,11.49
LA,Louisiana,1999,27.22,61.31,11.47
LA,Louisiana,2000,27.23,61.19,11.58
LA,Louisiana,2001,26.89,61.52,11.59
LA,Louisiana,2002,26.57,61.83,11.6
LA,Louisiana,2003,26.28,62.09,11.63
LA,Louisiana,2004,25.98,62.39,11.63
LA,Louisiana,2005,25.74,62.57,11.69
LA,Louisiana,2006,25.07,62.94,11.99
LA,Louisiana,2007,25.06,62.94,12.0
LA,Louisiana,2008,25.0,62.87,12.13
LA,Louisiana,2009,24.81,62.96,12.23
LA,Louisiana,2010,24.72,62.88,12.4
LA,Louisiana,2011,24.49,62.97,12.54
LA,Louisiana,2012,24.31,62.68,13.01
LA,Louisiana,2013,24.16,62.49,13.35
LA,Louisiana,2014,24.08,62.21,13.71
LA,Louisiana,2015,23.99,61.92,14.09
LA,Louisiana,2016,23.91,61.56,14.53
LA,Louisiana,2017,23.8,61.21,14.99
LA,Louisiana,2018,23.63,60.91,15.46
LA,Louisiana,2019,23.48,60.53,15.99
LA,Louisiana,2020,23.82,60.27,15.91
LA,Louisiana,2021,23.68,59.96,16.36
LA,Louisiana,2022,23.57,59.58,16.85
LA,Louisiana,2023,23.44,59.22,17.34
LA,Louisiana,2024,23.27,58.96,17.77
MA,Massachusetts,1970,32.92,55.94,11.14
MA,Massachusetts,1971,32.46,56.36,11.18
MA,Massachusetts,1972,31.83,56.91,11.26
MA,Massachusetts,1973,31.17,57.48,11.35
MA,Massachusetts,1974,30.47,58.0,11.53
MA,Massachusetts,1975,29.77,58.49,11.74
MA,Massachusetts,1976,29.0,59.11,11.89
MA,Massachusetts,1977,28.22,59.68,12.1
MA,Massachusetts,1978,27.46,60.25,12.29
MA,Massachusetts,1979,26.72,60.8,12.48
MA,Massachusetts,1981,25.33,61.86,12.81
MA,Massachusetts,1982,24.71,62.28,13.01
MA,Massachusetts,1983,24.24,62.61,13.15
MA,Massachusetts,1984,23.75,63.04,13.21
MA,Massachusetts,1985,23.4,63.33,13.27
MA,Massachusetts,1986,23.16,63.48,13.36
MA,Massachusetts,1987,23.06,63.51,13.43
MA,Massachusetts,1988,22.96,63.63,13.41
MA,Massachusetts,1989,23.07,63.47,13.46
MA,Massachusetts,1990,22.47,63.95,13.58
MA,Massachusetts,1991,22.83,63.33,13.84
MA,Massachusetts,1992,23.02,62.98,14.0
MA,Massachusetts,1993,23.31,62.56,14.13
MA,Massachusetts,1994,23.51,62.34,14.15
MA,Massachusetts,1995,23.59,62.26,14.15
MA,Massachusetts,1996,23.67,62.19,14.14
MA,Massachusetts,1997,23.65,62.27,14.08
MA,Massachusetts,1998,23.69,62.3,14.01
MA,Massachusetts,1999,23.78,62.3,13.92
MA,Massachusetts,2000,23.6,62.87,13.53
MA,Massachusetts,2001,23.52,63.08,13.4
MA,Massachusetts,2002,23.42,63.26,13.32
MA,Massachusetts,2003,23.25,63.46,13.29
MA,Massachusetts,2004,23.07,63.66,13.27
MA,Massachusetts,2005,22.87,63.86,13.27
MA,Massachusetts,2006,22.62,64.1,13.28
MA,Massachusetts,2007,22.39,64.24,13.37
MA,Massachusetts,2008,22.1,64.34,13.56
MA,Massachusetts,2009,21.83,64.49,13.68
MA,Massachusetts,2010,21.61,64.57,13.82
MA,Massachusetts,2011,21.34,64.7,13.96
MA,Massachusetts,2012,21.08,64.51,14.41
MA,Massachusetts,2013,20.84,64.4,14.76
MA,Massachusetts,2014,20.61,64.29,15.1
MA,Massachusetts,2015,20.41,64.16,15.43
MA,Massachusetts,2016,20.21,64.0,15.79
MA,Massachusetts,2017,20.04,63.84,16.12
MA,Massachusetts,2018,19.85,63.63,16.52
MA,Massachusetts,2019,19.65,63.4,16.95
MA,Massachusetts,2020,19.87,63.15,16.98
MA,Massachusetts,2021,19.52,63.09,17.39
MA,Massachusetts,2022,19.34,62.78,17.88
MA,Massachusetts,2023,19.17,62.48,18.35
MA,Massachusetts,2024,19.01,62.25,18.74
MD,Maryland,1970,34.91,57.5,7.59
MD,Maryland,1971,34.36,57.95,7.69
MD,Maryland,1972,33.63,58.55,7.82
MD,Maryland,1973,32.86,59.13,8.01
MD,Maryland,1974,32.08,59.74,8.18
MD,Maryland,1975,31.34,60.3,8.36
MD,Maryland,1976,30.55,60.93,8.52
MD,Maryland,1977,29.75,61.51,8.74
MD,Maryland,1978,28.95,62.1,8.95
MD,Maryland,1979,28.18,62.64,9.18
MD,Maryland,1981,26.93,63.47,9.6
MD,Maryland,1982,26.4,63.75,9.85
MD,Maryland,1983,25.89,64.04,10.07
MD,Maryland,1984,25.44,64.35,10.21
MD,Maryland,1985,25.05,64.56,10.39
MD,Maryland,1986,24.72,64.78,10.5
MD,Maryland,1987,24.58,64.81,10.61
MD,Maryland,1988,24.63,64.75,10.62
MD,Maryland,1989,24.65,64.64,10.71
MD,Maryland,1990,24.58,64.62,10.8
MD,Maryland,1991,24.75,64.36,10.89
MD,Maryland,1992,24.94,64.04,11.02
MD,Maryland,1993,25.16,63.67,11.17
MD,Maryland,1994,25.2,63.54,11.26
MD,Maryland,1995,25.29,63.36,11.35
MD,Maryland,1996,25.06,63.5,11.44
MD,Maryland,1997,25.12,63.4,11.48
MD,Maryland,1998,25.18,63.29,11.53
MD,Maryland,1999,25.32,63.14,11.54
MD,Maryland,2000,25.55,63.13,11.32
MD,Maryland,2001,25.43,63.25,11.32
MD,Maryland,2002,25.28,63.42,11.3
MD,Maryland,2003,25.1,63.57,11.33
MD,Maryland,2004,24.94,63.69,11.37
MD,Maryland,2005,24.73,63.85,11.42
MD,Maryland,2006,24.48,64.03,11.49
MD,Maryland,2007,24.23,64.12,11.65
MD,Maryland,2008,23.91,64.16,11.93
MD,Maryland,2009,23.62,64.25,12.13
MD,Maryland,2010,23.48,64.16,12.36
MD,Maryland,2011,23.23,64.21,12.56
MD,Maryland,2012,22.99,63.96,13.05
MD,Maryland,2013,22.8,63.75,13.45
MD,Maryland,2014,22.72,63.42,13.86
MD,Maryland,2015,22.61,63.15,14.24
MD,Maryland,2016,22.55,62.78,14.67
MD,Maryland,2017,22.45,62.48,15.07
MD,Maryland,2018,22.33,62.16,15.51
MD,Maryland,2019,22.23,61.82,15.95
MD,Maryland,2020,22.59,61.58,15.83
MD,Maryland,2021,22.37,61.36,16.27
MD,Maryland,2022,22.3,60.96,16.74
MD,Maryland,2023,22.18,60.59,17.23
MD,Maryland,2024,22.0,60.32,17.68
ME,Maine,1970,34.39,54.12,11.49
ME,Maine,1971,34.0,54.48,11.52
ME,Maine,1972,33.47,55.0,11.53
ME,Maine,1973,32.85,55.52,11.63
ME,Maine,1974,32.28,55.98,11.74
ME,Maine,1975,31.73,56.42,11.85
ME,Maine,1976,31.05,57.06,11.89
ME,Maine,1977,30.35,57.65,12.0
ME,Maine,1978,29.68,58.17,12.15
ME,Maine,1979,29.05,58.63,12.32
ME,Maine,1981,27.94,59.37,12.69
ME,Maine,1982,27.55,59.59,12.86
ME,Maine,1983,27.12,59.92,12.96
ME,Maine,1984,26.65,60.34,13.01
ME,Maine,1985,26.29,60.6,13.11
ME,Maine,1986,25.96,60.83,13.21
ME,Maine,1987,25.71,61.02,13.27
ME,Maine,1988,25.54,61.26,13.2
ME,Maine,1989,25.49,61.29,13.22
ME,Maine,1990,24.99,61.73,13.28
ME,Maine,1991,24.94,61.65,13.41
ME,Maine,1992,24.88,61.51,13.61
ME,Maine,1993,24.75,61.5,13.75
ME,Maine,1994,24.71,61.43,13.86
ME,Maine,1995,24.41,61.63,13.96
ME,Maine,1996,24.11,61.92,13.97
ME,Maine,1997,23.72,62.27,14.01
ME,Maine,1998,23.44,62.53,14.03
ME,Maine,1999,23.18,62.83,13.99
ME,Maine,2000,23.6,62.01,14.39
ME,Maine,2001,23.34,62.26,14.4
ME,Maine,2002,23.04,62.56,14.4
ME,Maine,2003,22.72,62.87,14.41
ME,Maine,2004,22.44,63.11,14.45
ME,Maine,2005,22.14,63.35,14.51
ME,Maine,2006,21.83,63.48,14.69
ME,Maine,2007,21.57,63.51,14.92
ME,Maine,2008,21.21,63.51,15.28
ME,Maine,2009,20.9,63.48,15.62
ME,Maine,2010,20.63,63.37,16.0
ME,Maine,2011,20.28,63.44,16.28
ME,Maine,2012,19.99,62.97,17.04
ME,Maine,2013,19.75,62.56,17.69
ME,Maine,2014,19.54,62.17,18.29
ME,Maine,2015,19.31,61.85,18.84
ME,Maine,2016,19.14,61.44,19.42
ME,Maine,2017,18.95,61.06,19.99
ME,Maine,2018,18.71,60.65,20.64
ME,Maine,2019,18.57,60.22,21.21
ME,Maine,2020,18.63,60.05,21.32
ME,Maine,2021,18.32,59.86,21.82
ME,Maine,2022,18.07,59.56,22.37
ME,Maine,2023,17.85,59.2,22.95
ME,Maine,2024,17.6,58.88,23.52
MI,Michigan,1970,36.35,55.21,8.44
MI,Michigan,1971,35.86,55.62,8.52
MI,Michigan,1972,35.21,56.17,8.62
MI,Michigan,1973,34.52,56.76,8.72
MI,Michigan,1974,33.81,57.33,8.86
MI,Michigan,1975,33.11,57.85,9.04
MI,Michigan,1976,32.35,58.46,9.19
MI,Michigan,1977,31.62,59.03,9.35
MI,Michigan,1978,30.91,59.59,9.5
MI,Michigan,1979,30.23,60.09,9.68
MI,Michigan,1981,29.3,60.5,10.2
MI,Michigan,1982,28.81,60.65,10.54
MI,Michigan,1983,28.36,60.79,10.85
MI,Michigan,1984,27.86,61.09,11.05
MI,Michigan,1985,27.44,61.36,11.2
MI,Michigan,1986,27.04,61.63,11.33
MI,Michigan,1987,26.79,61.74,11.47
MI,Michigan,1988,26.72,61.66,11.62
MI,Michigan,1989,26.74,61.48,11.78
MI,Michigan,1990,26.41,61.67,11.92
MI,Michigan,1991,26.39,61.56,12.05
MI,Michigan,1992,26.31,61.51,12.18
MI,Michigan,1993,26.31,61.38,12.31
MI,Michigan,1994,26.25,61.36,12.39
MI,Michigan,1995,26.22,61.33,12.45
MI,Michigan,1996,26.09,61.44,12.47
MI,Michigan,1997,26.05,61.5,12.45
MI,Michigan,1998,25.95,61.61,12.44
MI,Michigan,1999,25.97,61.63,12.4
MI,Michigan,2000,26.09,61.64,12.27
MI,Michigan,2001,25.96,61.77,12.27
MI,Michigan,2002,25.8,61.92,12.28
MI,Michigan,2003,25.59,62.08,12.33
MI,Michigan,2004,25.39,62.21,12.4
MI,Michigan,2005,25.19,62.32,12.49
MI,Michigan,2006,24.95,62.4,12.65
MI,Michigan,2007,24.7,62.39,12.91
MI,Michigan,2008,24.32,62.4,13.28
MI,Michigan,2009,23.96,62.47,13.57
MI,Michigan,2010,23.64,62.52,13.84
MI,Michigan,2011,23.31,62.63,14.06
MI,Michigan,2012,22.98,62.43,14.59
MI,Michigan,2013,22.7,62.29,15.01
MI,Michigan,2014,22.47,62.1,15.43
MI,Michigan,2015,22.25,61.92,15.83
MI,Michigan,2016,22.06,61.68,16.26
MI,Michigan,2017,21.87,61.44,16.69
MI,Michigan,2018,21.67,61.18,17.15
MI,Michigan,2019,21.48,60.85,17.67
MI,Michigan,2020,21.66,60.69,17.65
MI,Michigan,2021,21.48,60.37,18.15
MI,Michigan,2022,21.27,60.11,18.62
MI,Michigan,2023,21.05,59.82,19.13
MI,Michigan,2024,20.81,59.6,19.59
MN,Minnesota,1970,36.01,53.29,10.7
MN,Minnesota,1971,35.41,53.83,10.76
MN,Minnesota,1972,34.64,54.48,10.88
MN,Minnesota,1973,33.84,55.16,11.0
MN,Minnesota,1974,33.02,55.84,11.14
MN,Minnesota,1975,32.24,56.51,11.25
MN,Minnesota,1976,31.48,57.2,11.32
MN,Minnesota,1977,30.71,57.8,11.49
MN,Minnesota,1978,29.99,58.41,11.6
MN,Minnesota,1979,29.33,58.98,11.69
MN,Minnesota,1981,28.27,59.79,11.94
MN,Minnesota,1982,27.95,59.98,12.07
MN,Minnesota,1983,27.62,60.15,12.23
MN,Minnesota,1984,27.23,60.44,12.33
MN,Minnesota,1985,26.95,60.69,12.36
MN,Minnesota,1986,26.7,60.86,12.44
MN,Minnesota,1987,26.61,60.88,12.51
MN,Minnesota,1988,26.65,60.88,12.47
MN,Minnesota,1989,26.78,60.73,12.49
MN,Minnesota,1990,26.82,60.69,12.49
MN,Minnesota,1991,26.87,60.62,12.51
MN,Minnesota,1992,27.06,60.41,12.53
MN,Minnesota,1993,27.04,60.44,12.52
MN,Minnesota,1994,27.01,60.48,12.51
MN,Minnesota,1995,26.9,60.6,12.5
MN,Minnesota,1996,26.76,60.79,12.45
MN,Minnesota,1997,26.74,60.87,12.39
MN,Minnesota,1998,26.71,60.94,12.35
MN,Minnesota,1999,26.63,61.11,12.26
MN,Minnesota,2000,26.14,61.79,12.07
MN,Minnesota,2001,25.91,62.07,12.02
MN,Minnesota,2002,25.68,62.31,12.01
MN,Minnesota,2003,25.4,62.56,12.04
MN,Minnesota,2004,25.2,62.73,12.07
MN,Minnesota,2005,25.01,62.88,12.11
MN,Minnesota,2006,24.84,62.95,12.21
MN,Minnesota,2007,24.68,62.98,12.34
MN,Minnesota,2008,24.47,62.97,12.56
MN,Minnesota,2009,24.31,62.96,12.73
MN,Minnesota,2010,24.18,62.89,12.93
MN,Minnesota,2011,23.98,62.93,13.09
MN,Minnesota,2012,23.77,62.68,13.55
MN,Minnesota,2013,23.63,62.46,13.91
MN,Minnesota,2014,23.54,62.19,14.27
MN,Minnesota,2015,23.45,61.92,14.63
MN,Minnesota,2016,23.41,61.56,15.03
MN,Minnesota,2017,23.35,61.23,15.42
MN,Minnesota,2018,23.24,60.91,15.85
MN,Minnesota,2019,23.12,60.57,16.31
MN,Minnesota,2020,23.31,60.38,16.31
MN,Minnesota,2021,23.08,60.14,16.78
MN,Minnesota,2022,22.93,59.76,17.31
MN,Minnesota,2023,22.68,59.52,17.8
MN,Minnesota,2024,22.43,59.32,18.25
MO,Missouri,1970,33.08,54.98,11.94
MO,Missouri,1971,32.72,55.23,12.05
MO,Missouri,1972,32.2,55.64,12.16
MO,Missouri,1973,31.64,56.06,12.3
MO,Missouri,1974,31.05,56.49,12.46
MO,Missouri,1975,30.49,56.89,12.62
MO,Missouri,1976,29.85,57.4,12.75
MO,Missouri,1977,29.26,57.83,12.91
MO,Missouri,1978,28.71,58.3,12.99
MO,Missouri,1979,28.18,58.7,13.12
MO,Missouri,1981,27.42,59.27,13.31
MO,Missouri,1982,27.09,59.44,13.47
MO,Missouri,1983,26.71,59.72,13.57
MO,Missouri,1984,26.51,59.9,13.59
MO,Missouri,1985,26.31,60.07,13.62
MO,Missouri,1986,26.13,60.17,13.7
MO,Missouri,1987,26.01,60.23,13.76
MO,Missouri,1988,26.0,60.19,13.81
MO,Missouri,1989,26.01,60.06,13.93
MO,Missouri,1990,25.67,60.33,14.0
MO,Missouri,1991,25.78,60.17,14.05
MO,Missouri,1992,25.9,60.02,14.08
MO,Missouri,1993,25.95,59.97,14.08
MO,Missouri,1994,25.94,60.05,14.01
MO,Missouri,1995,25.97,60.06,13.97
MO,Missouri,1996,26.0,60.11,13.89
MO,Missouri,1997,25.98,60.23,13.79
MO,Missouri,1998,25.79,60.49,13.72
MO,Missouri,1999,25.59,60.77,13.64
MO,Missouri,2000,25.47,61.04,13.49
MO,Missouri,2001,25.29,61.27,13.44
MO,Missouri,2002,25.1,61.52,13.38
MO,Missouri,2003,24.91,61.72,13.37
MO,Missouri,2004,24.72,61.93,13.35
MO,Missouri,2005,24.58,62.05,13.37
MO,Missouri,2006,24.45,62.12,13.43
MO,Missouri,2007,24.31,62.16,13.53
MO,Missouri,2008,24.12,62.17,13.71
MO,Missouri,2009,23.93,62.2,13.87
MO,Missouri,2010,23.83,62.09,14.08
MO,Missouri,2011,23.6,62.17,14.23
MO,Missouri,2012,23.39,61.91,14.7
MO,Missouri,2013,23.21,61.71,15.08
MO,Missouri,2014,23.07,61.49,15.44
MO,Missouri,2015,22.95,61.28,15.77
MO,Missouri,2016,22.83,61.02,16.15
MO,Missouri,2017,22.71,60.78,16.51
MO,Missouri,2018,22.58,60.52,16.9
MO,Missouri,2019,22.46,60.2,17.34
MO,Missouri,2020,22.71,60.1,17.19
MO,Missouri,2021,22.54,59.95,17.51
MO,Missouri,2022,22.41,59.66,17.93
MO,Missouri,2023,22.25,59.39,18.36
MO,Missouri,2024,22.02,59.21,18.77
MS,Mississippi,1970,37.83,52.19,9.98
MS,Mississippi,1971,37.34,52.51,10.15
MS,Mississippi,1972,36.77,52.93,10.3
MS,Mississippi,1973,36.17,53.39,10.44
MS,Mississippi,1974,35.56,53.79,10.65
MS,Mississippi,1975,35.01,54.15,10.84
MS,Mississippi,1976,34.38,54.63,10.99
MS,Mississippi,1977,33.8,55.09,11.11
MS,Mississippi,1978,33.22,55.53,11.25
MS,Mississippi,1979,32.7,55.89,11.41
MS,Mississippi,1981,31.88,56.56,11.56
MS,Mississippi,1982,31.52,56.85,11.63
MS,Mississippi,1983,31.25,57.06,11.69
MS,Mississippi,1984,30.98,57.25,11.77
MS,Mississippi,1985,30.79,57.37,11.84
MS,Mississippi,1986,30.46,57.6,11.94
MS,Mississippi,1987,30.11,57.8,12.09
MS,Mississippi,1988,29.82,57.95,12.23
MS,Mississippi,1989,29.57,58.08,12.35
MS,Mississippi,1990,28.44,59.14,12.42
MS,Mississippi,1991,28.41,59.12,12.47
MS,Mississippi,1992,28.56,58.94,12.5
MS,Mississippi,1993,28.42,59.09,12.49
MS,Mississippi,1994,28.34,59.24,12.42
MS,Mississippi,1995,28.13,59.49,12.38
MS,Mississippi,1996,27.91,59.74,12.35
MS,Mississippi,1997,27.81,59.9,12.29
MS,Mississippi,1998,27.5,60.3,12.2
MS,Mississippi,1999,27.19,60.69,12.12
MS,Mississippi,2000,27.19,60.73,12.08
MS,Mississippi,2001,26.93,60.99,12.08
MS,Mississippi,2002,26.7,61.22,12.08
MS,Mississippi,2003,26.48,61.39,12.13
MS,Mississippi,2004,26.32,61.52,12.16
MS,Mississippi,2005,26.18,61.56,12.26
MS,Mississippi,2006,26.06,61.61,12.33
MS,Mississippi,2007,25.99,61.62,12.39
MS,Mississippi,2008,25.8,61.64,12.56
MS,Mississippi,2009,25.64,61.65,12.71
MS,Mississippi,2010,25.5,61.57,12.93
MS,Mississippi,2011,25.24,61.64,13.12
MS,Mississippi,2012,25.01,61.4,13.59
MS,Mississippi,2013,24.74,61.32,13.94
MS,Mississippi,2014,24.58,61.1,14.32
MS,Mississippi,2015,24.43,60.86,14.71
MS,Mississippi,2016,24.24,60.66,15.1
MS,Mississippi,2017,24.01,60.5,15.49
MS,Mississippi,2018,23.84,60.23,15.93
MS,Mississippi,2019,23.62,59.96,16.42
MS,Mississippi,2020,23.72,59.79,16.49
MS,Mississippi,2021,23.59,59.59,16.82
MS,Mississippi,2022,23.43,59.36,17.21
MS,Mississippi,2023,23.24,59.12,17.64
MS,Mississippi,2024,23.01,58.96,18.03
MT,Montana,1970,35.94,54.2,9.86
MT,Montana,1971,35.4,54.78,9.82
MT,Montana,1972,34.67,55.47,9.86
MT,Montana,1973,33.91,56.19,9.9
MT,Montana,1974,33.16,56.85,9.99
MT,Montana,1975,32.48,57.49,10.03
MT,Montana,1976,31.77,58.07,10.16
MT,Montana,1977,31.12,58.61,10.27
MT,Montana,1978,30.51,59.15,10.34
MT,Montana,1979,29.92,59.57,10.51
MT,Montana,1981,29.27,59.72,11.01
MT,Montana,1982,29.11,59.67,11.22
MT,Montana,1983,28.91,59.68,11.41
MT,Montana,1984,28.84,59.56,11.6
MT,Montana,1985,28.83,59.37,11.8
MT,Montana,1986,28.57,59.27,12.16
MT,Montana,1987,28.38,59.08,12.54
MT,Montana,1988,28.23,58.89,12.88
MT,Montana,1989,28.07,58.81,13.12
MT,Montana,1990,27.95,58.72,13.33
MT,Montana,1991,27.79,58.79,13.42
MT,Montana,1992,27.9,58.74,13.36
MT,Montana,1993,27.73,58.99,13.28
MT,Montana,1994,27.44,59.33,13.23
MT,Montana,1995,26.85,59.94,13.21
MT,Montana,1996,26.37,60.41,13.22
MT,Montana,1997,25.94,60.81,13.25
MT,Montana,1998,25.7,61.01,13.29
MT,Montana,1999,25.35,61.37,13.28
MT,Montana,2000,25.46,61.12,13.42
MT,Montana,2001,25.04,61.45,13.51
MT,Montana,2002,24.66,61.76,13.58
MT,Montana,2003,24.25,62.13,13.62
MT,Montana,2004,23.87,62.44,13.69
MT,Montana,2005,23.58,62.65,13.77
MT,Montana,2006,23.3,62.76,13.94
MT,Montana,2007,23.13,62.77,14.1
MT,Montana,2008,22.92,62.71,14.37
MT,Montana,2009,22.73,62.64,14.63
MT,Montana,2010,22.63,62.43,14.94
MT,Montana,2011,22.47,62.38,15.15
MT,Montana,2012,22.29,61.97,15.74
MT,Montana,2013,22.22,61.61,16.17
MT,Montana,2014,22.14,61.21,16.65
MT,Montana,2015,22.06,60.8,17.14
MT,Montana,2016,21.96,60.39,17.65
MT,Montana,2017,21.85,60.01,18.14
MT,Montana,2018,21.66,59.61,18.73
MT,Montana,2019,21.46,59.24,19.3
MT,Montana,2020,21.6,59.01,19.39
MT,Montana,2021,21.33,58.95,19.72
MT,Montana,2022,21.12,58.81,20.07
MT,Montana,2023,20.85,58.57,20.58
MT,Montana,2024,20.52,58.37,21.11
NC,North Carolina,1970,34.66,57.23,8.11
NC,North Carolina,1971,34.19,57.51,8.3
NC,North Carolina,1972,33.58,57.94,8.48
NC,North Carolina,1973,32.96,58.38,8.66
NC,North Carolina,1974,32.29,58.8,8.91
NC,North Carolina,1975,31.67,59.19,9.14
NC,North Carolina,1976,30.96,59.68,9.36
NC,North Carolina,1977,30.24,60.15,9.61
NC,North Carolina,1978,29.54,60.61,9.85
NC,North Carolina,1979,28.89,60.99,10.12
NC,North Carolina,1981,27.64,61.84,10.52
NC,North Carolina,1982,27.12,62.15,10.73
NC,North Carolina,1983,26.66,62.4,10.94
NC,North Carolina,1984,26.1,62.81,11.09
NC,North Carolina,1985,25.68,63.08,11.24
NC,North Carolina,1986,25.38,63.17,11.45
NC,North Carolina,1987,25.11,63.25,11.64
NC,North Carolina,1988,25.0,63.2,11.8
NC,North Carolina,1989,24.88,63.16,11.96
NC,North Carolina,1990,24.43,63.46,12.11
NC,North Carolina,1991,24.35,63.41,12.24
NC,North Carolina,1992,24.58,63.02,12.4
NC,North Carolina,1993,24.73,62.76,12.51
NC,North Carolina,1994,24.93,62.5,12.57
NC,North Carolina,1995,25.01,62.39,12.6
NC,North Carolina,1996,25.11,62.29,12.6
NC,North Carolina,1997,25.27,62.16,12.57
NC,North Carolina,1998,25.34,62.14,12.52
NC,North Carolina,1999,25.37,62.15,12.48
NC,North Carolina,2000,24.35,63.62,12.03
NC,North Carolina,2001,24.41,63.58,12.01
NC,North Carolina,2002,24.43,63.55,12.02
NC,North Carolina,2003,24.47,63.43,12.1
NC,North Carolina,2004,24.38,63.5,12.12
NC,North Carolina,2005,24.38,63.46,12.16
NC,North Carolina,2006,24.29,63.41,12.3
NC,North Carolina,2007,24.34,63.27,12.39
NC,North Carolina,2008,24.19,63.23,12.58
NC,North Carolina,2009,24.05,63.18,12.77
NC,North Carolina,2010,24.1,62.77,13.13
NC,North Carolina,2011,23.87,62.76,13.37
NC,North Carolina,2012,23.64,62.42,13.94
NC,North Carolina,2013,23.43,62.17,14.4
NC,North Carolina,2014,23.24,61.92,14.84
NC,North Carolina,2015,23.04,61.73,15.23
NC,North Carolina,2016,22.84,61.55,15.61
NC,North Carolina,2017,22.63,61.37,16.0
NC,North Carolina,2018,22.39,61.2,16.41
NC,North Carolina,2019,22.15,61.01,16.84
NC,North Carolina,2020,22.42,60.86,16.72
NC,North Carolina,2021,22.17,60.82,17.01
NC,North Carolina,2022,22.0,60.64,17.36
NC,North Carolina,2023,21.79,60.51,17.7
NC,North Carolina,2024,21.56,60.41,18.03
ND,North Dakota,1970,36.3,53.0,10.7
ND,North Dakota,1971,35.67,53.52,10.81
ND,North Dakota,1972,34.87,54.17,10.96
ND,North Dakota,1973,34.01,54.83,11.16
ND,North Dakota,1974,33.24,55.39,11.37
ND,North Dakota,1975,32.5,56.01,11.49
ND,North Dakota,1976,31.81,56.57,11.62
ND,North Dakota,1977,31.15,57.04,11.81
ND,North Dakota,1978,30.52,57.47,12.01
ND,North Dakota,1979,29.98,57.83,12.19
ND,North Dakota,1981,29.16,58.37,12.47
ND,North Dakota,1982,28.87,58.62,12.51
ND,North Dakota,1983,28.75,58.7,12.55
ND,North Dakota,1984,28.66,58.74,12.6
ND,North Dakota,1985,28.54,58.67,12.79
ND,North Dakota,1986,28.4,58.5,13.1
ND,North Dakota,1987,28.34,58.25,13.41
ND,North Dakota,1988,28.09,58.23,13.68
ND,North Dakota,1989,27.98,58.03,13.99
ND,North Dakota,1990,26.81,58.89,14.3
ND,North Dakota,1991,27.03,58.48,14.49
ND,North Dakota,1992,26.95,58.48,14.57
ND,North Dakota,1993,26.84,58.56,14.6
ND,North Dakota,1994,26.67,58.75,14.58
ND,North Dakota,1995,26.39,59.02,14.59
ND,North Dakota,1996,25.99,59.47,14.54
ND,North Dakota,1997,25.74,59.8,14.46
ND,North Dakota,1998,25.51,59.97,14.52
ND,North Dakota,1999,25.26,60.16,14.58
ND,North Dakota,2000,25.0,60.27,14.73
ND,North Dakota,2001,24.43,60.82,14.75
ND,North Dakota,2002,23.99,61.28,14.73
ND,North Dakota,2003,23.54,61.78,14.68
ND,North Dakota,2004,23.13,62.24,14.63
ND,North Dakota,2005,22.93,62.53,14.54
ND,North Dakota,2006,22.69,62.78,14.53
ND,North Dakota,2007,22.56,62.93,14.51
ND,North Dakota,2008,22.43,63.0,14.57
ND,North Dakota,2009,22.36,63.12,14.52
ND,North Dakota,2010,22.54,62.83,14.63
ND,North Dakota,2011,22.52,62.97,14.51
ND,North Dakota,2012,22.66,62.83,14.51
ND,North Dakota,2013,22.86,62.8,14.34
ND,North Dakota,2014,23.06,62.63,14.31
ND,North Dakota,2015,23.31,62.38,14.31
ND,North Dakota,2016,23.46,61.88,14.66
ND,North Dakota,2017,23.57,61.32,15.11
ND,North Dakota,2018,23.71,60.8,15.49
ND,North Dakota,2019,23.87,60.26,15.87
ND,North Dakota,2020,24.15,59.92,15.93
ND,North Dakota,2021,24.02,59.69,16.29
ND,North Dakota,2022,23.86,59.39,16.75
ND,North Dakota,2023,23.71,59.17,17.12
ND,North Dakota,2024,23.47,59.08,17.45
NE,Nebraska,1970,34.1,53.61,12.29
NE,Nebraska,1971,33.69,54.0,12.31
NE,Nebraska,1972,33.12,54.55,12.33
NE,Nebraska,1973,32.5,55.11,12.39
NE,Nebraska,1974,31.89,55.63,12.48
NE,Nebraska,1975,31.29,56.11,12.6
NE,Nebraska,1976,30.68,56.62,12.7
NE,Nebraska,1977,30.08,57.08,12.84
NE,Nebraska,1978,29.54,57.53,12.93
NE,Nebraska,1979,29.03,57.94,13.03
NE,Nebraska,1981,28.21,58.57,13.22
NE,Nebraska,1982,27.98,58.7,13.32
NE,Nebraska,1983,27.75,58.83,13.42
NE,Nebraska,1984,27.54,58.98,13.48
NE,Nebraska,1985,27.44,58.99,13.57
NE,Nebraska,1986,27.33,58.9,13.77
NE,Nebraska,1987,27.25,58.81,13.94
NE,Nebraska,1988,27.24,58.76,14.0
NE,Nebraska,1989,27.39,58.54,14.07
NE,Nebraska,1990,27.19,58.69,14.12
NE,Nebraska,1991,27.26,58.62,14.12
NE,Nebraska,1992,27.14,58.77,14.09
NE,Nebraska,1993,27.12,58.79,14.09
NE,Nebraska,1994,27.11,58.82,14.07
NE,Nebraska,1995,26.95,59.04,14.01
NE,Nebraska,1996,26.84,59.24,13.92
NE,Nebraska,1997,26.84,59.33,13.83
NE,Nebraska,1998,26.76,59.46,13.78
NE,Nebraska,1999,26.64,59.66,13.7
NE,Nebraska,2000,26.28,60.16,13.56
NE,Nebraska,2001,26.07,60.42,13.51
NE,Nebraska,2002,25.9,60.66,13.44
NE,Nebraska,2003,25.74,60.92,13.34
NE,Nebraska,2004,25.63,61.1,13.27
NE,Nebraska,2005,25.49,61.26,13.25
NE,Nebraska,2006,25.39,61.34,13.27
NE,Nebraska,2007,25.34,61.33,13.33
NE,Nebraska,2008,25.26,61.34,13.4
NE,Nebraska,2009,25.19,61.34,13.47
NE,Nebraska,2010,25.22,61.21,13.57
NE,Nebraska,2011,25.14,61.26,13.6
NE,Nebraska,2012,25.04,61.03,13.93
NE,Nebraska,2013,24.99,60.84,14.17
NE,Nebraska,2014,24.96,60.58,14.46
NE,Nebraska,2015,24.97,60.28,14.75
NE,Nebraska,2016,24.95,59.98,15.07
NE,Nebraska,2017,24.93,59.67,15.4
NE,Nebraska,2018,24.84,59.42,15.74
NE,Nebraska,2019,24.72,59.12,16.16
NE,Nebraska,2020,24.95,58.98,16.07
NE,Nebraska,2021,24.77,58.81,16.42
NE,Nebraska,2022,24.61,58.58,16.81
NE,Nebraska,2023,24.43,58.41,17.16
NE,Nebraska,2024,24.23,58.29,17.48
NH,New Hampshire,1970,34.46,54.95,10.59
NH,New Hampshire,1971,34.0,55.4,10.6
NH,New Hampshire,1972,33.38,56.0,10.62
NH,New Hampshire,1973,32.74,56.62,10.64
NH,New Hampshire,1974,32.13,57.15,10.72
NH,New Hampshire,1975,31.54,57.63,10.83
NH,New Hampshire,1976,30.74,58.33,10.93
NH,New Hampshire,1977,30.01,59.05,10.94
NH,New Hampshire,1978,29.33,59.71,10.96
NH,New Hampshire,1979,28.69,60.28,11.03
NH,New Hampshire,1981,27.35,61.31,11.34
NH,New Hampshire,1982,26.9,61.64,11.46
NH,New Hampshire,1983,26.36,62.07,11.57
NH,New Hampshire,1984,25.85,62.59,11.56
NH,New Hampshire,1985,25.41,63.06,11.53
NH,New Hampshire,1986,25.2,63.37,11.43
NH,New Hampshire,1987,25.03,63.66,11.31
NH,New Hampshire,1988,25.23,63.57,11.2
NH,New Hampshire,1989,25.37,63.48,11.15
NH,New Hampshire,1990,24.93,63.81,11.26
NH,New Hampshire,1991,25.28,63.16,11.56
NH,New Hampshire,1992,25.52,62.75,11.73
NH,New Hampshire,1993,25.58,62.57,11.85
NH,New Hampshire,1994,25.7,62.35,11.95
NH,New Hampshire,1995,25.58,62.4,12.02
NH,New Hampshire,1996,25.34,62.58,12.08
NH,New Hampshire,1997,25.24,62.7,12.06
NH,New Hampshire,1998,25.31,62.62,12.07
NH,New Hampshire,1999,25.35,62.61,12.04
NH,New Hampshire,2000,25.03,63.0,11.97
NH,New Hampshire,2001,24.84,63.27,11.89
NH,New Hampshire,2002,24.64,63.49,11.87
NH,New Hampshire,2003,24.33,63.77,11.9
NH,New Hampshire,2004,23.97,63.95,12.08
NH,New Hampshire,2005,23.67,64.19,12.14
NH,New Hampshire,2006,23.32,64.31,12.37
NH,New Hampshire,2007,22.93,64.42,12.65
NH,New Hampshire,2008,22.5,64.48,13.02
NH,New Hampshire,2009,22.1,64.58,13.32
NH,New Hampshire,2010,21.74,64.62,13.64
NH,New Hampshire,2011,21.34,64.67,13.99
NH,New Hampshire,2012,20.89,64.4,14.71
NH,New Hampshire,2013,20.51,64.14,15.35
NH,New Hampshire,2014,20.1,63.97,15.93
NH,New Hampshire,2015,19.84,63.74,16.42
NH,New Hampshire,2016,19.57,63.5,16.93
NH,New Hampshire,2017,19.31,63.21,17.48
NH,New Hampshire,2018,19.06,62.89,18.05
NH,New Hampshire,2019,18.81,62.54,18.65
NH,New Hampshire,2020,18.81,62.4,18.79
NH,New Hampshire,2021,18.56,62.02,19.42
NH,New Hampshire,2022,18.25,61.66,20.09
NH,New Hampshire,2023,17.98,61.2,20.82
NH,New Hampshire,2024,17.7,60.76,21.54
NJ,New Jersey,1970,32.88,57.45,9.67
NJ,New Jersey,1971,32.51,57.74,9.75
NJ,New Jersey,1972,31.97,58.16,9.87
NJ,New Jersey,1973,31.35,58.59,10.06
NJ,New Jersey,1974,30.71,58.99,10.3
NJ,New Jersey,1975,30.1,59.38,10.52
NJ,New Jersey,1976,29.4,59.84,10.76
NJ,New Jersey,1977,28.69,60.29,11.02
NJ,New Jersey,1978,28.01,60.75,11.24
NJ,New Jersey,1979,27.35,61.18,11.47
NJ,New Jersey,1981,26.17,61.93,11.9
NJ,New Jersey,1982,25.59,62.27,12.14
NJ,New Jersey,1983,25.03,62.63,12.34
NJ,New Jersey,1984,24.56,62.98,12.46
NJ,New Jersey,1985,24.16,63.2,12.64
NJ,New Jersey,1986,23.83,63.41,12.76
NJ,New Jersey,1987,23.67,63.42,12.91
NJ,New Jersey,1988,23.59,63.42,12.99
NJ,New Jersey,1989,23.61,63.25,13.14
NJ,New Jersey,1990,23.42,63.3,13.28
NJ,New Jersey,1991,23.68,62.9,13.42
NJ,New Jersey,1992,24.0,62.47,13.53
NJ,New Jersey,1993,24.28,62.1,13.62
NJ,New Jersey,1994,24.57,61.76,13.67
NJ,New Jersey,1995,24.72,61.57,13.71
NJ,New Jersey,1996,24.75,61.52,13.73
NJ,New Jersey,1997,24.69,61.62,13.69
NJ,New Jersey,1998,24.64,61.7,13.66
NJ,New Jersey,1999,24.6,61.79,13.61
NJ,New Jersey,2000,24.78,62.0,13.22
NJ,New Jersey,2001,24.76,62.11,13.13
NJ,New Jersey,2002,24.75,62.2,13.05
NJ,New Jersey,2003,24.72,62.28,13.0
NJ,New Jersey,2004,24.66,62.38,12.96
NJ,New Jersey,2005,24.52,62.53,12.95
NJ,New Jersey,2006,24.32,62.7,12.98
NJ,New Jersey,2007,24.1,62.81,13.09
NJ,New Jersey,2008,23.84,62.87,13.29
NJ,New Jersey,2009,23.63,62.97,13.4
NJ,New Jersey,2010,23.45,63.01,13.54
NJ,New Jersey,2011,23.22,63.06,13.72
NJ,New Jersey,2012,22.96,62.85,14.19
NJ,New Jersey,2013,22.74,62.72,14.54
NJ,New Jersey,2014,22.57,62.56,14.87
NJ,New Jersey,2015,22.4,62.39,15.21
NJ,New Jersey,2016,22.25,62.19,15.56
NJ,New Jersey,2017,22.13,62.0,15.87
NJ,New Jersey,2018,22.0,61.76,16.24
NJ,New Jersey,2019,21.88,61.5,16.62
NJ,New Jersey,2020,22.14,61.49,16.37
NJ,New Jersey,2021,21.93,61.26,16.81
NJ,New Jersey,2022,21.83,60.94,17.23
NJ,New Jersey,2023,21.71,60.68,17.61
NJ,New Jersey,2024,21.54,60.49,17.97
NM,New Mexico,1970,39.44,53.64,6.92
NM,New Mexico,1971,38.73,54.13,7.14
NM,New Mexico,1972,37.9,54.72,7.38
NM,New Mexico,1973,37.04,55.37,7.59
NM,New Mexico,1974,36.22,55.95,7.83
NM,New Mexico,1975,35.51,56.51,7.98
NM,New Mexico,1976,34.72,57.2,8.08
NM,New Mexico,1977,33.88,57.8,8.32
NM,New Mexico,1978,33.15,58.3,8.55
NM,New Mexico,1979,32.5,58.74,8.76
NM,New Mexico,1981,31.69,59.21,9.1
NM,New Mexico,1982,31.33,59.47,9.2
NM,New Mexico,1983,30.84,59.84,9.32
NM,New Mexico,1984,30.59,59.98,9.43
NM,New Mexico,1985,30.3,60.1,9.6
NM,New Mexico,1986,29.99,60.23,9.78
NM,New Mexico,1987,29.89,60.08,10.03
NM,New Mexico,1988,29.98,59.76,10.26
NM,New Mexico,1989,29.88,59.61,10.51
NM,New Mexico,1990,29.81,59.45,10.74
NM,New Mexico,1991,29.73,59.42,10.85
NM,New Mexico,1992,29.72,59.37,10.91
NM,New Mexico,1993,29.9,59.13,10.97
NM,New Mexico,1994,29.69,59.33,10.98
NM,New Mexico,1995,29.49,59.48,11.03
NM,New Mexico,1996,29.19,59.68,11.13
NM,New Mexico,1997,29.17,59.58,11.25
NM,New Mexico,1998,28.83,59.8,11.37
NM,New Mexico,1999,28.49,60.02,11.49
NM,New Mexico,2000,27.9,60.39,11.71
NM,New Mexico,2001,27.48,60.65,11.87
NM,New Mexico,2002,27.1,60.97,11.93
NM,New Mexico,2003,26.67,61.3,12.03
NM,New Mexico,2004,26.33,61.57,12.1
NM,New Mexico,2005,26.01,61.72,12.27
NM,New Mexico,2006,25.74,61.81,12.45
NM,New Mexico,2007,25.56,61.84,12.6
NM,New Mexico,2008,25.43,61.72,12.85
NM,New Mexico,2009,25.31,61.62,13.07
NM,New Mexico,2010,25.26,61.39,13.35
NM,New Mexico,2011,25.02,61.36,13.62
NM,New Mexico,2012,24.75,61.06,14.19
NM,New Mexico,2013,24.5,60.79,14.71
NM,New Mexico,2014,24.26,60.47,15.27
NM,New Mexico,2015,24.03,60.15,15.82
NM,New Mexico,2016,23.79,59.85,16.36
NM,New Mexico,2017,23.5,59.55,16.95
NM,New Mexico,2018,23.17,59.29,17.54
NM,New Mexico,2019,22.86,59.05,18.09
NM,New Mexico,2020,22.64,58.93,18.43
NM,New Mexico,2021,22.24,58.82,18.94
NM,New Mexico,2022,21.9,58.65,19.45
NM,New Mexico,2023,21.53,58.56,19.91
NM,New Mexico,2024,21.16,58.55,20.29
NV,Nevada,1970,34.29,59.42,6.29
NV,Nevada,1971,33.59,59.9,6.51
NV,Nevada,1972,32.78,60.55,6.67
NV,Nevada,1973,31.96,61.15,6.89
NV,Nevada,1974,31.2,61.71,7.09
NV,Nevada,1975,30.5,62.19,7.31
NV,Nevada,1976,29.54,62.95,7.51
NV,Nevada,1977,28.65,63.57,7.78
NV,Nevada,1978,27.92,64.09,7.99
NV,Nevada,1979,27.31,64.58,8.11
NV,Nevada,1981,26.66,64.89,8.45
NV,Nevada,1982,26.48,64.87,8.65
NV,Nevada,1983,26.12,64.87,9.01
NV,Nevada,1984,25.5,65.14,9.36
NV,Nevada,1985,25.17,65.13,9.7
NV,Nevada,1986,24.84,65.13,10.03
NV,Nevada,1987,24.74,65.03,10.23
NV,Nevada,1988,24.9,64.73,10.37
NV,Nevada,1989,24.8,64.63,10.57
NV,Nevada,1990,25.97,63.44,10.59
NV,Nevada,1991,25.33,63.94,10.73
NV,Nevada,1992,25.41,63.56,11.03
NV,Nevada,1993,25.8,62.88,11.32
NV,Nevada,1994,25.94,62.67,11.39
NV,Nevada,1995,26.03,62.54,11.43
NV,Nevada,1996,26.28,62.21,11.51
NV,Nevada,1997,26.47,62.09,11.44
NV,Nevada,1998,26.85,61.7,11.45
NV,Nevada,1999,27.16,61.38,11.46
NV,Nevada,2000,25.56,63.46,10.98
NV,Nevada,2001,25.48,63.47,11.05
NV,Nevada,2002,25.43,63.45,11.12
NV,Nevada,2003,25.3,63.46,11.24
NV,Nevada,2004,25.2,63.56,11.24
NV,Nevada,2005,25.15,63.68,11.17
NV,Nevada,2006,25.15,63.73,11.12
NV,Nevada,2007,25.15,63.67,11.18
NV,Nevada,2008,24.97,63.61,11.42
NV,Nevada,2009,24.81,63.45,11.74
NV,Nevada,2010,24.65,63.2,12.15
NV,Nevada,2011,24.35,63.08,12.57
NV,Nevada,2012,23.99,62.8,13.21
NV,Nevada,2013,23.75,62.49,13.76
NV,Nevada,2014,23.53,62.21,14.26
NV,Nevada,2015,23.38,61.92,14.7
NV,Nevada,2016,23.24,61.68,15.08
NV,Nevada,2017,23.04,61.52,15.44
NV,Nevada,2018,22.81,61.4,15.79
NV,Nevada,2019,22.56,61.28,16.16
NV,Nevada,2020,22.46,61.22,16.32
NV,Nevada,2021,22.17,61.11,16.72
NV,Nevada,2022,21.91,61.04,17.05
NV,Nevada,2023,21.55,61.06,17.39
NV,Nevada,2024,21.15,61.16,17.69
NY,New York,1970,31.87,57.44,10.69
NY,New York,1971,31.58,57.69,10.73
NY,New York,1972,31.11,58.06,10.83
NY,New York,1973,30.56,58.42,11.02
NY,New York,1974,29.97,58.78,11.25
NY,New York,1975,29.45,59.12,11.43
NY,New York,1976,28.86,59.58,11.56
NY,New York,1977,28.26,59.97,11.77
NY,New York,1978,27.66,60.37,11.97
NY,New York,1979,27.1,60.74,12.16
NY,New York,1981,26.08,61.51,12.41
NY,New York,1982,25.66,61.82,12.52
NY,New York,1983,25.31,62.12,12.57
NY,New York,1984,24.95,62.45,12.6
NY,New York,1985,24.66,62.66,12.68
NY,New York,1986,24.38,62.84,12.78
NY,New York,1987,24.24,62.86,12.9
NY,New York,1988,24.18,62.91,12.91
NY,New York,1989,24.18,62.86,12.96
NY,New York,1990,23.75,63.22,13.03
NY,New York,1991,24.1,62.8,13.1
NY,New York,1992,24.42,62.42,13.16
NY,New York,1993,24.62,62.17,13.21
NY,New York,1994,24.84,61.91,13.25
NY,New York,1995,24.97,61.7,13.33
NY,New York,1996,24.96,61.69,13.35
NY,New York,1997,24.86,61.79,13.35
NY,New York,1998,24.61,62.03,13.36
NY,New York,1999,24.41,62.24,13.35
NY,New York,2000,24.67,62.42,12.91
NY,New York,2001,24.48,62.61,12.91
NY,New York,2002,24.31,62.77,12.92
NY,New York,2003,24.09,62.97,12.94
NY,New York,2004,23.86,63.16,12.98
NY,New York,2005,23.6,63.36,13.04
NY,New York,2006,23.33,63.62,13.05
NY,New York,2007,23.05,63.79,13.16
NY,New York,2008,22.76,63.92,13.32
NY,New York,2009,22.49,64.08,13.43
NY,New York,2010,22.3,64.13,13.57
NY,New York,2011,22.06,64.22,13.72
NY,New York,2012,21.83,64.01,14.16
NY,New York,2013,21.62,63.87,14.51
NY,New York,2014,21.44,63.66,14.9
NY,New York,2015,21.31,63.42,15.27
NY,New York,2016,21.17,63.16,15.67
NY,New York,2017,21.03,62.88,16.09
NY,New York,2018,20.87,62.61,16.52
NY,New York,2019,20.74,62.28,16.98
NY,New York,2020,20.98,62.21,16.81
NY,New York,2021,20.74,61.81,17.45
NY,New York,2022,20.5,61.51,17.99
NY,New York,2023,20.24,61.28,18.48
NY,New York,2024,20.06,61.02,18.92
OH,Ohio,1970,34.83,55.85,9.32
OH,Ohio,1971,34.39,56.2,9.41
OH,Ohio,1972,33.78,56.68,9.54
OH,Ohio,1973,33.13,57.21,9.66
OH,Ohio,1974,32.46,57.72,9.82
OH,Ohio,1975,31.81,58.21,9.98
OH,Ohio,1976,31.1,58.74,10.16
OH,Ohio,1977,30.43,59.25,10.32
OH,Ohio,1978,29.78,59.77,10.45
OH,Ohio,1979,29.15,60.19,10.66
OH,Ohio,1981,28.15,60.74,11.11
OH,Ohio,1982,27.76,60.86,11.38
OH,Ohio,1983,27.46,60.9,11.64
OH,Ohio,1984,27.16,61.01,11.83
OH,Ohio,1985,26.84,61.14,12.02
OH,Ohio,1986,26.5,61.26,12.24
OH,Ohio,1987,26.29,61.25,12.46
OH,Ohio,1988,26.21,61.18,12.61
OH,Ohio,1989,26.21,60.99,12.8
OH,Ohio,1990,25.57,61.46,12.97
OH,Ohio,1991,25.6,61.3,13.1
OH,Ohio,1992,25.66,61.15,13.19
OH,Ohio,1993,25.61,61.09,13.3
OH,Ohio,1994,25.64,61.01,13.35
OH,Ohio,1995,25.53,61.06,13.41
OH,Ohio,1996,25.43,61.14,13.43
OH,Ohio,1997,25.44,61.16,13.4
OH,Ohio,1998,25.33,61.29,13.38
OH,Ohio,1999,25.27,61.39,13.34
OH,Ohio,2000,25.4,61.32,13.28
OH,Ohio,2001,25.27,61.47,13.26
OH,Ohio,2002,25.12,61.63,13.25
OH,Ohio,2003,24.92,61.8,13.28
OH,Ohio,2004,24.76,61.95,13.29
OH,Ohio,2005,24.6,62.08,13.32
OH,Ohio,2006,24.43,62.15,13.42
OH,Ohio,2007,24.26,62.17,13.57
OH,Ohio,2008,24.05,62.15,13.8
OH,Ohio,2009,23.84,62.21,13.95
OH,Ohio,2010,23.62,62.28,14.1
OH,Ohio,2011,23.36,62.38,14.26
OH,Ohio,2012,23.13,62.1,14.77
OH,Ohio,2013,22.95,61.91,15.14
OH,Ohio,2014,22.8,61.68,15.52
OH,Ohio,2015,22.66,61.47,15.87
OH,Ohio,2016,22.52,61.22,16.26
OH,Ohio,2017,22.38,60.97,16.65
OH,Ohio,2018,22.24,60.72,17.04
OH,Ohio,2019,22.09,60.42,17.49
OH,Ohio,2020,22.33,60.22,17.45
OH,Ohio,2021,22.21,59.93,17.86
OH,Ohio,2022,22.06,59.69,18.25
OH,Ohio,2023,21.89,59.42,18.69
OH,Ohio,2024,21.68,59.21,19.11
OK,Oklahoma,1970,32.54,55.79,11.67
OK,Oklahoma,1971,32.26,55.95,11.79
OK,Oklahoma,1972,31.81,56.26,11.93
OK,Oklahoma,1973,31.35,56.56,12.09
OK,Oklahoma,1974,30.88,56.93,12.19
OK,Oklahoma,1975,30.44,57.29,12.27
OK,Oklahoma,1976,29.89,57.79,12.32
OK,Oklahoma,1977,29.43,58.11,12.46
OK,Oklahoma,1978,29.04,58.44,12.52
OK,Oklahoma,1979,28.66,58.82,12.52
OK,Oklahoma,1981,28.08,59.58,12.34
OK,Oklahoma,1982,27.73,60.22,12.05
OK,Oklahoma,1983,27.85,60.26,11.89
OK,Oklahoma,1984,27.76,60.21,12.03
OK,Oklahoma,1985,27.72,60.07,12.21
OK,Oklahoma,1986,27.53,60.03,12.44
OK,Oklahoma,1987,27.57,59.67,12.76
OK,Oklahoma,1988,27.41,59.54,13.05
OK,Oklahoma,1989,27.09,59.61,13.3
OK,Oklahoma,1990,26.73,59.78,13.49
OK,Oklahoma,1991,26.78,59.67,13.55
OK,Oklahoma,1992,26.81,59.65,13.54
OK,Oklahoma,1993,26.79,59.65,13.56
OK,Oklahoma,1994,26.83,59.6,13.57
OK,Oklahoma,1995,26.79,59.6,13.61
OK,Oklahoma,1996,26.63,59.8,13.57
OK,Oklahoma,1997,26.57,59.93,13.5
OK,Oklahoma,1998,26.44,60.14,13.42
OK,Oklahoma,1999,26.27,60.37,13.36
OK,Oklahoma,2000,25.82,60.96,13.22
OK,Oklahoma,2001,25.53,61.28,13.19
OK,Oklahoma,2002,25.36,61.52,13.12
OK,Oklahoma,2003,25.22,61.66,13.12
OK,Oklahoma,2004,25.01,61.85,13.14
OK,Oklahoma,2005,24.95,61.9,13.15
OK,Oklahoma,2006,24.9,61.88,13.22
OK,Oklahoma,2007,24.88,61.88,13.24
OK,Oklahoma,2008,24.82,61.82,13.36
OK,Oklahoma,2009,24.82,61.74,13.44
OK,Oklahoma,2010,24.94,61.43,13.63
OK,Oklahoma,2011,24.87,61.43,13.7
OK,Oklahoma,2012,24.78,61.16,14.06
OK,Oklahoma,2013,24.77,60.94,14.29
OK,Oklahoma,2014,24.75,60.71,14.54
OK,Oklahoma,2015,24.71,60.52,14.77
OK,Oklahoma,2016,24.63,60.3,15.07
OK,Oklahoma,2017,24.5,60.08,15.42
OK,Oklahoma,2018,24.36,59.87,15.77
OK,Oklahoma,2019,24.2,59.66,16.14
OK,Oklahoma,2020,24.41,59.64,15.95
OK,Oklahoma,2021,24.25,59.61,16.14
OK,Oklahoma,2022,24.14,59.49,16.37
OK,Oklahoma,2023,23.96,59.38,16.66
OK,Oklahoma,2024,23.7,59.33,16.97
OR,Oregon,1970,33.01,56.21,10.78
OR,Oregon,1971,32.52,56.63,10.85
OR,Oregon,1972,31.88,57.2,10.92
OR,Oregon,1973,31.23,57.77,11.0
OR,Oregon,1974,30.57,58.32,11.11
OR,Oregon,1975,29.96,58.83,11.21
OR,Oregon,1976,29.35,59.36,11.29
OR,Oregon,1977,28.78,59.84,11.38
OR,Oregon,1978,28.29,60.29,11.42
OR,Oregon,1979,27.84,60.68,11.48
OR,Oregon,1981,27.32,60.9,11.78
OR,Oregon,1982,27.05,60.84,12.11
OR,Oregon,1983,26.79,60.71,12.5
OR,Oregon,1984,26.49,60.74,12.77
OR,Oregon,1985,26.23,60.74,13.03
OR,Oregon,1986,25.93,60.76,13.31
OR,Oregon,1987,25.71,60.73,13.56
OR,Oregon,1988,25.53,60.82,13.65
OR,Oregon,1989,25.62,60.64,13.74
OR,Oregon,1990,25.96,60.32,13.72
OR,Oregon,1991,25.72,60.55,13.73
OR,Oregon,1992,25.78,60.46,13.76
OR,Oregon,1993,25.5,60.79,13.71
OR,Oregon,1994,25.47,60.88,13.65
OR,Oregon,1995,25.38,61.05,13.57
OR,Oregon,1996,25.18,61.37,13.45
OR,Oregon,1997,25.15,61.56,13.29
OR,Oregon,1998,25.07,61.73,13.2
OR,Oregon,1999,24.95,61.93,13.12
OR,Oregon,2000,24.71,62.49,12.8
OR,Oregon,2001,24.47,62.77,12.76
OR,Oregon,2002,24.21,63.04,12.75
OR,Oregon,2003,23.97,63.23,12.8
OR,Oregon,2004,23.72,63.35,12.93
OR,Oregon,2005,23.51,63.48,13.01
OR,Oregon,2006,23.35,63.53,13.12
OR,Oregon,2007,23.16,63.59,13.25
OR,Oregon,2008,22.97,63.55,13.48
OR,Oregon,2009,22.74,63.53,13.73
OR,Oregon,2010,22.59,63.41,14.0
OR,Oregon,2011,22.35,63.41,14.24
OR,Oregon,2012,22.1,63.05,14.85
OR,Oregon,2013,21.88,62.75,15.37
OR,Oregon,2014,21.72,62.43,15.85
OR,Oregon,2015,21.51,62.2,16.29
OR,Oregon,2016,21.29,62.04,16.67
OR,Oregon,2017,21.06,61.84,17.1
OR,Oregon,2018,20.78,61.6,17.62
OR,Oregon,2019,20.52,61.34,18.14
OR,Oregon,2020,20.57,61.26,18.17
OR,Oregon,2021,20.25,61.09,18.66
OR,Oregon,2022,19.92,60.98,19.1
OR,Oregon,2023,19.63,60.81,19.56
OR,Oregon,2024,19.35,60.73,19.92
PA,Pennsylvania,1970,32.37,56.9,10.73
PA,Pennsylvania,1971,31.95,57.2,10.85
PA,Pennsylvania,1972,31.37,57.61,11.02
PA,Pennsylvania,1973,30.73,58.04,11.23
PA,Pennsylvania,1974,30.07,58.45,11.48
PA,Pennsylvania,1975,29.45,58.88,11.67
PA,Pennsylvania,1976,28.8,59.33,11.87
PA,Pennsylvania,1977,28.13,59.73,12.14
PA,Pennsylvania,1978,27.48,60.12,12.4
PA,Pennsylvania,1979,26.85,60.48,12.67
PA,Pennsylvania,1981,25.81,60.96,13.23
PA,Pennsylvania,1982,25.39,61.08,13.53
PA,Pennsylvania,1983,25.06,61.12,13.82
PA,Pennsylvania,1984,24.67,61.25,14.08
PA,Pennsylvania,1985,24.36,61.25,14.39
PA,Pennsylvania,1986,24.15,61.23,14.62
PA,Pennsylvania,1987,24.0,61.14,14.86
PA,Pennsylvania,1988,23.96,61.04,15.0
PA,Pennsylvania,1989,23.97,60.84,15.19
PA,Pennsylvania,1990,23.51,61.11,15.38
PA,Pennsylvania,1991,23.6,60.88,15.52
PA,Pennsylvania,1992,23.8,60.55,15.65
PA,Pennsylvania,1993,23.93,60.31,15.76
PA,Pennsylvania,1994,24.01,60.19,15.8
PA,Pennsylvania,1995,24.0,60.13,15.87
PA,Pennsylvania,1996,23.89,60.2,15.91
PA,Pennsylvania,1997,23.89,60.22,15.89
PA,Pennsylvania,1998,23.83,60.3,15.87
PA,Pennsylvania,1999,23.78,60.39,15.83
PA,Pennsylvania,2000,23.76,60.63,15.61
PA,Pennsylvania,2001,23.63,60.85,15.52
PA,Pennsylvania,2002,23.48,61.1,15.42
PA,Pennsylvania,2003,23.3,61.36,15.34
PA,Pennsylvania,2004,23.15,61.62,15.23
PA,Pennsylvania,2005,22.97,61.87,15.16
PA,Pennsylvania,2006,22.79,62.08,15.13
PA,Pennsylvania,2007,22.6,62.24,15.16
PA,Pennsylvania,2008,22.37,62.33,15.3
PA,Pennsylvania,2009,22.14,62.49,15.37
PA,Pennsylvania,2010,21.94,62.61,15.45
PA,Pennsylvania,2011,21.7,62.77,15.53
PA,Pennsylvania,2012,21.47,62.53,16.0
PA,Pennsylvania,2013,21.29,62.37,16.34
PA,Pennsylvania,2014,21.15,62.15,16.7
PA,Pennsylvania,2015,21.05,61.92,17.03
PA,Pennsylvania,2016,20.94,61.64,17.42
PA,Pennsylvania,2017,20.84,61.34,17.82
PA,Pennsylvania,2018,20.72,61.04,18.24
PA,Pennsylvania,2019,20.6,60.68,18.72
PA,Pennsylvania,2020,20.8,60.58,18.62
PA,Pennsylvania,2021,20.59,60.42,18.99
PA,Pennsylvania,2022,20.46,60.07,19.47
PA,Pennsylvania,2023,20.29,59.76,19.95
PA,Pennsylvania,2024,20.11,59.5,20.39
RI,Rhode Island,1970,31.83,57.24,10.93
RI,Rhode Island,1971,31.47,57.52,11.01
RI,Rhode Island,1972,30.98,57.93,11.09
RI,Rhode Island,1973,30.4,58.31,11.29
RI,Rhode Island,1974,29.78,58.38,11.84
RI,Rhode Island,1975,29.33,58.47,12.2
RI,Rhode Island,1976,28.64,59.06,12.3
RI,Rhode Island,1977,27.93,59.55,12.52
RI,Rhode Island,1978,27.22,60.01,12.77
RI,Rhode Island,1979,26.51,60.44,13.05
RI,Rhode Island,1981,25.16,61.23,13.61
RI,Rhode Island,1982,24.67,61.44,13.89
RI,Rhode Island,1983,24.3,61.56,14.14
RI,Rhode Island,1984,23.84,61.88,14.28
RI,Rhode Island,1985,23.52,62.07,14.41
RI,Rhode Island,1986,23.33,62.12,14.55
RI,Rhode Island,1987,23.28,62.12,14.6
RI,Rhode Island,1988,23.27,62.07,14.66
RI,Rhode Island,1989,23.31,61.88,14.81
RI,Rhode Island,1990,22.48,62.56,14.96
RI,Rhode Island,1991,22.79,62.11,15.1
RI,Rhode Island,1992,23.12,61.56,15.32
RI,Rhode Island,1993,23.58,60.95,15.47
RI,Rhode Island,1994,23.8,60.61,15.59
RI,Rhode Island,1995,23.98,60.3,15.72
RI,Rhode Island,1996,23.93,60.29,15.78
RI,Rhode Island,1997,24.05,60.23,15.72
RI,Rhode Island,1998,24.01,60.31,15.68
RI,Rhode Island,1999,24.34,60.08,15.58
RI,Rhode Island,2000,23.62,61.87,14.51
RI,Rhode Island,2001,23.49,62.18,14.33
RI,Rhode Island,2002,23.33,62.52,14.15
RI,Rhode Island,2003,23.16,62.83,14.01
RI,Rhode Island,2004,22.91,63.16,13.93
RI,Rhode Island,2005,22.65,63.47,13.88
RI,Rhode Island,2006,22.33,63.74,13.93
RI,Rhode Island,2007,22.1,63.92,13.98
RI,Rhode Island,2008,21.78,64.03,14.19
RI,Rhode Island,2009,21.44,64.22,14.34
RI,Rhode Island,2010,21.28,64.21,14.51
RI,Rhode Island,2011,21.02,64.32,14.66
RI,Rhode Island,2012,20.7,64.16,15.14
RI,Rhode Island,2013,20.44,64.06,15.5
RI,Rhode Island,2014,20.19,63.98,15.83
RI,Rhode Island,2015,20.02,63.86,16.12
RI,Rhode Island,2016,19.85,63.68,16.47
RI,Rhode Island,2017,19.66,63.47,16.87
RI,Rhode Island,2018,19.53,63.2,17.27
RI,Rhode Island,2019,19.35,62.89,17.76
RI,Rhode Island,2020,19.36,62.89,17.75
RI,Rhode Island,2021,19.07,62.68,18.25
RI,Rhode Island,2022,18.92,62.33,18.75
RI,Rhode Island,2023,18.69,62.05,19.26
RI,Rhode Island,2024,18.46,61.82,19.72
SC,South Carolina,1970,36.84,55.83,7.33
SC,South Carolina,1971,36.28,56.22,7.5
SC,South Carolina,1972,35.62,56.72,7.66
SC,South Carolina,1973,34.95,57.24,7.81
SC,South Carolina,1974,34.22,57.77,8.01
SC,South Carolina,1975,33.59,58.2,8.21
SC,South Carolina,1976,32.85,58.76,8.39
SC,South Carolina,1977,32.1,59.28,8.62
SC,South Carolina,1978,31.42,59.74,8.84
SC,South Carolina,1979,30.77,60.17,9.06
SC,South Carolina,1981,29.57,61.02,9.41
SC,South Carolina,1982,29.06,61.28,9.66
SC,South Carolina,1983,28.67,61.45,9.88
SC,South Carolina,1984,28.2,61.72,10.08
SC,South Carolina,1985,27.83,61.85,10.32
SC,South Carolina,1986,27.51,61.96,10.53
SC,South Carolina,1987,27.24,61.98,10.78
SC,South Carolina,1988,27.16,61.86,10.98
SC,South Carolina,1989,27.05,61.79,11.16
SC,South Carolina,1990,26.28,62.38,11.34
SC,South Carolina,1991,26.1,62.48,11.42
SC,South Carolina,1992,25.96,62.46,11.58
SC,South Carolina,1993,25.81,62.45,11.74
SC,South Carolina,1994,25.76,62.37,11.87
SC,South Carolina,1995,25.53,62.48,11.99
SC,South Carolina,1996,25.4,62.5,12.1
SC,South Carolina,1997,25.27,62.57,12.16
SC,South Carolina,1998,24.9,62.92,12.18
SC,South Carolina,1999,24.6,63.22,12.18
SC,South Carolina,2000,25.11,62.78,12.11
SC,South Carolina,2001,25.0,62.85,12.15
SC,South Carolina,2002,24.84,62.98,12.18
SC,South Carolina,2003,24.67,63.07,12.26
SC,South Carolina,2004,24.44,63.22,12.34
SC,South Carolina,2005,24.28,63.23,12.49
SC,South Carolina,2006,24.1,63.16,12.74
SC,South Carolina,2007,23.95,63.14,12.91
SC,South Carolina,2008,23.72,63.1,13.18
SC,South Carolina,2009,23.52,63.04,13.44
SC,South Carolina,2010,23.49,62.64,13.87
SC,South Carolina,2011,23.25,62.52,14.23
SC,South Carolina,2012,23.02,62.1,14.88
SC,South Carolina,2013,22.81,61.79,15.4
SC,South Carolina,2014,22.65,61.44,15.91
SC,South Carolina,2015,22.49,61.14,16.37
SC,South Carolina,2016,22.31,60.83,16.86
SC,South Carolina,2017,22.14,60.52,17.34
SC,South Carolina,2018,21.95,60.21,17.84
SC,South Carolina,2019,21.76,59.9,18.34
SC,South Carolina,2020,21.96,59.78,18.26
SC,South Carolina,2021,21.77,59.61,18.62
SC,South Carolina,2022,21.62,59.39,18.99
SC,South Carolina,2023,21.44,59.18,19.38
SC,South Carolina,2024,21.17,59.04,19.79
SD,South Dakota,1970,35.89,52.07,12.04
SD,South Dakota,1971,35.36,52.52,12.12
SD,South Dakota,1972,34.7,53.15,12.15
SD,South Dakota,1973,33.99,53.74,12.27
SD,South Dakota,1974,33.26,54.3,12.44
SD,South Dakota,1975,32.55,54.9,12.55
SD,South Dakota,1976,31.95,55.46,12.59
SD,South Dakota,1977,31.37,55.87,12.76
SD,South Dakota,1978,30.8,56.29,12.91
SD,South Dakota,1979,30.31,56.61,13.08
SD,South Dakota,1981,29.4,57.15,13.45
SD,South Dakota,1982,29.2,57.19,13.61
SD,South Dakota,1983,28.95,57.34,13.71
SD,South Dakota,1984,28.79,57.44,13.77
SD,South Dakota,1985,28.72,57.38,13.9
SD,South Dakota,1986,28.7,57.2,14.1
SD,South Dakota,1987,28.6,57.16,14.24
SD,South Dakota,1988,28.67,56.93,14.4
SD,South Dakota,1989,28.77,56.67,14.56
SD,South Dakota,1990,28.59,56.71,14.7
SD,South Dakota,1991,28.67,56.64,14.69
SD,South Dakota,1992,28.98,56.38,14.64
SD,South Dakota,1993,28.79,56.62,14.59
SD,South Dakota,1994,28.51,56.95,14.54
SD,South Dakota,1995,28.17,57.34,14.49
SD,South Dakota,1996,27.71,57.82,14.47
SD,South Dakota,1997,27.65,57.89,14.46
SD,South Dakota,1998,27.42,58.13,14.45
SD,South Dakota,1999,27.01,58.61,14.38
SD,South Dakota,2000,26.82,58.87,14.31
SD,South Dakota,2001,26.49,59.24,14.27
SD,South Dakota,2002,26.14,59.65,14.21
SD,South Dakota,2003,25.84,59.99,14.17
SD,South Dakota,2004,25.55,60.33,14.12
SD,South Dakota,2005,25.34,60.58,14.08
SD,South Dakota,2006,25.2,60.68,14.12
SD,South Dakota,2007,25.12,60.73,14.15
SD,South Dakota,2008,25.01,60.74,14.25
SD,South Dakota,2009,24.93,60.78,14.29
SD,South Dakota,2010,25.01,60.61,14.38
SD,South Dakota,2011,24.89,60.75,14.36
SD,South Dakota,2012,24.77,60.66,14.57
SD,South Dakota,2013,24.77,60.41,14.82
SD,South Dakota,2014,24.8,60.03,15.17
SD,South Dakota,2015,24.82,59.64,15.54
SD,South Dakota,2016,24.85,59.26,15.89
SD,South Dakota,2017,24.83,58.96,16.21
SD,South Dakota,2018,24.74,58.58,16.68
SD,South Dakota,2019,24.65,58.17,17.18
SD,South Dakota,2020,24.78,57.87,17.35
SD,South Dakota,2021,24.61,57.72,17.67
SD,South Dakota,2022,24.4,57.56,18.04
SD,South Dakota,2023,24.19,57.35,18.46
SD,South Dakota,2024,23.95,57.19,18.86
TN,Tennessee,1970,33.7,56.56,9.74
TN,Tennessee,1971,33.3,56.8,9.9
TN,Tennessee,1972,32.78,57.2,10.02
TN,Tennessee,1973,32.21,57.57,10.22
TN,Tennessee,1974,31.64,57.95,10.41
TN,Tennessee,1975,31.1,58.3,10.6
TN,Tennessee,1976,30.47,58.83,10.7
TN,Tennessee,1977,29.87,59.27,10.86
TN,Tennessee,1978,29.27,59.69,11.04
TN,Tennessee,1979,28.75,60.06,11.19
TN,Tennessee,1981,27.84,60.72,11.44
TN,Tennessee,1982,27.39,60.99,11.62
TN,Tennessee,1983,26.95,61.24,11.81
TN,Tennessee,1984,26.54,61.52,11.94
TN,Tennessee,1985,26.07,61.85,12.08
TN,Tennessee,1986,25.75,62.01,12.24
TN,Tennessee,1987,25.46,62.19,12.35
TN,Tennessee,1988,25.48,62.08,12.44
TN,Tennessee,1989,25.43,62.02,12.55
TN,Tennessee,1990,24.93,62.41,12.66
TN,Tennessee,1991,24.83,62.47,12.7
TN,Tennessee,1992,24.94,62.34,12.72
TN,Tennessee,1993,25.01,62.27,12.72
TN,Tennessee,1994,25.05,62.3,12.65
TN,Tennessee,1995,24.99,62.38,12.63
TN,Tennessee,1996,24.83,62.58,12.59
TN,Tennessee,1997,24.7,62.76,12.54
TN,Tennessee,1998,24.57,62.95,12.48
TN,Tennessee,1999,24.45,63.13,12.42
TN,Tennessee,2000,24.54,63.09,12.37
TN,Tennessee,2001,24.48,63.13,12.39
TN,Tennessee,2002,24.41,63.21,12.38
TN,Tennessee,2003,24.37,63.2,12.43
TN,Tennessee,2004,24.25,63.29,12.46
TN,Tennessee,2005,24.19,63.26,12.55
TN,Tennessee,2006,24.15,63.13,12.72
TN,Tennessee,2007,24.01,63.15,12.84
TN,Tennessee,2008,23.92,63.0,13.08
TN,Tennessee,2009,23.7,63.02,13.28
TN,Tennessee,2010,23.59,62.86,13.55
TN,Tennessee,2011,23.38,62.87,13.75
TN,Tennessee,2012,23.2,62.54,14.26
TN,Tennessee,2013,23.05,62.28,14.67
TN,Tennessee,2014,22.93,62.0,15.07
TN,Tennessee,2015,22.82,61.76,15.42
TN,Tennessee,2016,22.69,61.55,15.76
TN,Tennessee,2017,22.52,61.42,16.06
TN,Tennessee,2018,22.35,61.26,16.39
TN,Tennessee,2019,22.19,61.01,16.8
TN,Tennessee,2020,22.51,60.92,16.57
TN,Tennessee,2021,22.41,60.72,16.87
TN,Tennessee,2022,22.29,60.61,17.1
TN,Tennessee,2023,22.14,60.45,17.41
TN,Tennessee,2024,21.96,60.31,17.73
TX,Texas,1970,35.54,55.64,8.82
TX,Texas,1971,35.1,55.94,8.96
TX,Texas,1972,34.54,56.36,9.1
TX,Texas,1973,33.97,56.81,9.22
TX,Texas,1974,33.37,57.27,9.36
TX,Texas,1975,32.86,57.7,9.44
TX,Texas,1976,32.23,58.31,9.46
TX,Texas,1977,31.66,58.77,9.57
TX,Texas,1978,31.14,59.21,9.65
TX,Texas,1979,30.7,59.63,9.67
TX,Texas,1981,30.07,60.4,9.53
TX,Texas,1982,29.81,60.84,9.35
TX,Texas,1983,29.48,61.21,9.31
TX,Texas,1984,29.29,61.38,9.33
TX,Texas,1985,29.16,61.46,9.38
TX,Texas,1986,29.14,61.42,9.44
TX,Texas,1987,29.13,61.22,9.65
TX,Texas,1988,29.12,61.04,9.84
TX,Texas,1989,28.78,61.23,9.99
TX,Texas,1990,28.77,61.14,10.09
TX,Texas,1991,28.77,61.05,10.18
TX,Texas,1992,28.82,60.96,10.22
TX,Texas,1993,28.81,60.97,10.22
TX,Texas,1994,28.82,60.97,10.21
TX,Texas,1995,28.72,61.08,10.2
TX,Texas,1996,28.83,60.98,10.19
TX,Texas,1997,28.78,61.05,10.17
TX,Texas,1998,28.69,61.2,10.11
TX,Texas,1999,28.53,61.41,10.06
TX,Texas,2000,28.2,61.86,9.94
TX,Texas,2001,28.05,62.07,9.88
TX,Texas,2002,27.94,62.22,9.84
TX,Texas,2003,27.84,62.31,9.85
TX,Texas,2004,27.72,62.41,9.87
TX,Texas,2005,27.62,62.47,9.91
TX,Texas,2006,27.6,62.43,9.97
TX,Texas,2007,27.55,62.43,10.02
TX,Texas,2008,27.46,62.4,10.14
TX,Texas,2009,27.39,62.36,10.25
TX,Texas,2010,27.39,62.17,10.44
TX,Texas,2011,27.16,62.26,10.58
TX,Texas,2012,26.95,62.11,10.94
TX,Texas,2013,26.77,62.01,11.22
TX,Texas,2014,26.62,61.91,11.47
TX,Texas,2015,26.48,61.81,11.71
TX,Texas,2016,26.34,61.69,11.97
TX,Texas,2017,26.14,61.59,12.27
TX,Texas,2018,25.89,61.52,12.59
TX,Texas,2019,25.65,61.44,12.91
TX,Texas,2020,25.62,61.41,12.97
TX,Texas,2021,25.33,61.45,13.22
TX,Texas,2022,25.12,61.41,13.47
TX,Texas,2023,24.87,61.4,13.73
TX,Texas,2024,24.58,61.43,13.99
UT,Utah,1970,39.89,52.84,7.27
UT,Utah,1971,39.63,53.08,7.29
UT,Utah,1972,39.23,53.46,7.31
UT,Utah,1973,38.81,53.86,7.33
UT,Utah,1974,38.38,54.22,7.4
UT,Utah,1975,37.99,54.57,7.44
UT,Utah,1976,37.68,54.86,7.46
UT,Utah,1977,37.43,55.07,7.5
UT,Utah,1978,37.33,55.16,7.51
UT,Utah,1979,37.28,55.21,7.51
UT,Utah,1981,37.57,54.89,7.54
UT,Utah,1982,37.42,54.97,7.61
UT,Utah,1983,37.54,54.73,7.73
UT,Utah,1984,37.28,54.91,7.81
UT,Utah,1985,37.1,54.99,7.91
UT,Utah,1986,36.89,55.08,8.03
UT,Utah,1987,37.06,54.74,8.2
UT,Utah,1988,36.94,54.68,8.38
UT,Utah,1989,36.73,54.7,8.57
UT,Utah,1990,36.24,55.04,8.72
UT,Utah,1991,35.93,55.27,8.8
UT,Utah,1992,35.55,55.62,8.83
UT,Utah,1993,35.25,55.91,8.84
UT,Utah,1994,34.8,56.38,8.82
UT,Utah,1995,34.24,56.96,8.8
UT,Utah,1996,33.8,57.4,8.8
UT,Utah,1997,33.65,57.58,8.77
UT,Utah,1998,33.5,57.76,8.74
UT,Utah,1999,33.21,58.08,8.71
UT,Utah,2000,32.15,59.33,8.52
UT,Utah,2001,31.83,59.66,8.51
UT,Utah,2002,31.55,59.94,8.51
UT,Utah,2003,31.37,60.09,8.54
UT,Utah,2004,31.3,60.13,8.57
UT,Utah,2005,31.24,60.1,8.66
UT,Utah,2006,31.28,59.97,8.75
UT,Utah,2007,31.39,59.88,8.73
UT,Utah,2008,31.44,59.73,8.83
UT,Utah,2009,31.5,59.56,8.94
UT,Utah,2010,31.57,59.36,9.07
UT,Utah,2011,31.41,59.4,9.19
UT,Utah,2012,31.21,59.29,9.5
UT,Utah,2013,31.03,59.22,9.75
UT,Utah,2014,30.83,59.14,10.03
UT,Utah,2015,30.59,59.12,10.29
UT,Utah,2016,30.31,59.17,10.52
UT,Utah,2017,29.95,59.28,10.77
UT,Utah,2018,29.53,59.4,11.07
UT,Utah,2019,29.07,59.52,11.41
UT,Utah,2020,28.97,59.67,11.36
UT,Utah,2021,28.44,59.94,11.62
UT,Utah,2022,27.89,60.23,11.88
UT,Utah,2023,27.3,60.55,12.15
UT,Utah,2024,26.68,60.94,12.38
VA,Virginia,1970,34.03,58.08,7.89
VA,Virginia,1971,33.55,58.41,8.04
VA,Virginia,1972,32.92,58.9,8.18
VA,Virginia,1973,32.28,59.4,8.32
VA,Virginia,1974,31.57,59.94,8.49
VA,Virginia,1975,30.89,60.49,8.62
VA,Virginia,1976,30.18,61.06,8.76
VA,Virginia,1977,29.49,61.6,8.91
VA,Virginia,1978,28.8,62.14,9.06
VA,Virginia,1979,28.15,62.55,9.3
VA,Virginia,1981,27.0,63.41,9.59
VA,Virginia,1982,26.6,63.62,9.78
VA,Virginia,1983,26.16,63.9,9.94
VA,Virginia,1984,25.64,64.29,10.07
VA,Virginia,1985,25.32,64.46,10.22
VA,Virginia,1986,25.04,64.63,10.33
VA,Virginia,1987,24.95,64.63,10.42
VA,Virginia,1988,24.9,64.62,10.48
VA,Virginia,1989,24.91,64.48,10.61
VA,Virginia,1990,24.45,64.83,10.72
VA,Virginia,1991,24.51,64.65,10.84
VA,Virginia,1992,24.54,64.56,10.9
VA,Virginia,1993,24.48,64.52,11.0
VA,Virginia,1994,24.47,64.45,11.08
VA,Virginia,1995,24.44,64.4,11.16
VA,Virginia,1996,24.33,64.44,11.23
VA,Virginia,1997,24.28,64.47,11.25
VA,Virginia,1998,24.31,64.4,11.29
VA,Virginia,1999,24.22,64.51,11.27
VA,Virginia,2000,24.51,64.3,11.19
VA,Virginia,2001,24.37,64.43,11.2
VA,Virginia,2002,24.31,64.47,11.22
VA,Virginia,2003,24.19,64.53,11.28
VA,Virginia,2004,24.1,64.62,11.28
VA,Virginia,2005,23.97,64.65,11.38
VA,Virginia,2006,23.8,64.73,11.47
VA,Virginia,2007,23.67,64.71,11.62
VA,Virginia,2008,23.47,64.65,11.88
VA,Virginia,2009,23.28,64.65,12.07
VA,Virginia,2010,23.46,64.1,12.44
VA,Virginia,2011,23.25,64.1,12.65
VA,Virginia,2012,23.06,63.79,13.15
VA,Virginia,2013,22.9,63.52,13.58
VA,Virginia,2014,22.75,63.25,14.0
VA,Virginia,2015,22.63,62.97,14.4
VA,Virginia,2016,22.55,62.62,14.83
VA,Virginia,2017,22.41,62.36,15.23
VA,Virginia,2018,22.27,62.06,15.67
VA,Virginia,2019,22.14,61.75,16.11
VA,Virginia,2020,22.35,61.59,16.06
VA,Virginia,2021,22.15,61.37,16.48
VA,Virginia,2022,22.01,61.07,16.92
VA,Virginia,2023,21.84,60.8,17.36
VA,Virginia,2024,21.62,60.62,17.76
VT,Vermont,1970,35.46,53.9,10.64
VT,Vermont,1971,34.95,54.38,10.67
VT,Vermont,1972,34.3,55.02,10.68
VT,Vermont,1973,33.59,55.64,10.77
VT,Vermont,1974,32.87,56.2,10.93
VT,Vermont,1975,32.21,56.76,11.03
VT,Vermont,1976,31.41,57.5,11.09
VT,Vermont,1977,30.64,58.18,11.18
VT,Vermont,1978,29.91,58.84,11.25
VT,Vermont,1979,29.25,59.44,11.31
VT,Vermont,1981,28.01,60.52,11.47
VT,Vermont,1982,27.53,60.89,11.58
VT,Vermont,1983,27.15,61.19,11.66
VT,Vermont,1984,26.86,61.45,11.69
VT,Vermont,1985,26.54,61.7,11.76
VT,Vermont,1986,26.3,61.9,11.8
VT,Vermont,1987,26.19,62.0,11.81
VT,Vermont,1988,26.04,62.21,11.75
VT,Vermont,1989,25.94,62.34,11.72
VT,Vermont,1990,25.35,62.93,11.72
VT,Vermont,1991,25.41,62.77,11.82
VT,Vermont,1992,25.43,62.65,11.92
VT,Vermont,1993,25.39,62.59,12.02
VT,Vermont,1994,25.37,62.56,12.07
VT,Vermont,1995,25.15,62.72,12.13
VT,Vermont,1996,24.85,62.92,12.23
VT,Vermont,1997,24.37,63.38,12.25
VT,Vermont,1998,23.91,63.8,12.29
VT,Vermont,1999,23.47,64.25,12.28
VT,Vermont,2000,24.2,63.06,12.74
VT,Vermont,2001,23.85,63.39,12.76
VT,Vermont,2002,23.47,63.74,12.79
VT,Vermont,2003,23.1,64.05,12.85
VT,Vermont,2004,22.76,64.29,12.95
VT,Vermont,2005,22.36,64.57,13.07
VT,Vermont,2006,21.95,64.74,13.31
VT,Vermont,2007,21.6,64.82,13.58
VT,Vermont,2008,21.24,64.78,13.98
VT,Vermont,2009,20.88,64.83,14.29
VT,Vermont,2010,20.63,64.71,14.66
VT,Vermont,2011,20.27,64.75,14.98
VT,Vermont,2012,19.96,64.36,15.68
VT,Vermont,2013,19.67,64.04,16.29
VT,Vermont,2014,19.44,63.66,16.9
VT,Vermont,2015,19.21,63.32,17.47
VT,Vermont,2016,18.96,62.93,18.11
VT,Vermont,2017,18.76,62.52,18.72
VT,Vermont,2018,18.52,62.1,19.38
VT,Vermont,2019,18.34,61.67,19.99
VT,Vermont,2020,18.46,61.35,20.19
VT,Vermont,2021,18.15,61.06,20.79
VT,Vermont,2022,17.97,60.58,21.45
VT,Vermont,2023,17.7,60.18,22.12
VT,Vermont,2024,17.42,59.81,22.77
WA,Washington,1970,33.83,56.77,9.4
WA,Washington,1971,33.31,57.11,9.58
WA,Washington,1972,32.6,57.55,9.85
WA,Washington,1973,31.89,58.09,10.02
WA,Washington,1974,31.17,58.72,10.11
WA,Washington,1975,30.48,59.33,10.19
WA,Washington,1976,29.79,59.95,10.26
WA,Washington,1977,29.13,60.47,10.4
WA,Washington,1978,28.55,61.0,10.45
WA,Washington,1979,28.04,61.48,10.48
WA,Washington,1981,27.35,62.06,10.59
WA,Washington,1982,27.06,62.15,10.79
WA,Washington,1983,26.78,62.16,11.06
WA,Washington,1984,26.41,62.33,11.26
WA,Washington,1985,26.26,62.31,11.43
WA,Washington,1986,26.03,62.35,11.62
WA,Washington,1987,25.99,62.25,11.76
WA,Washington,1988,26.0,62.2,11.8
WA,Washington,1989,26.12,62.03,11.85
WA,Washington,1990,26.55,61.68,11.77
WA,Washington,1991,26.41,61.86,11.73
WA,Washington,1992,26.48,61.85,11.67
WA,Washington,1993,26.31,62.07,11.62
WA,Washington,1994,26.26,62.11,11.63
WA,Washington,1995,26.11,62.26,11.63
WA,Washington,1996,26.04,62.33,11.63
WA,Washington,1997,25.97,62.49,11.54
WA,Washington,1998,25.91,62.62,11.47
WA,Washington,1999,25.82,62.76,11.42
WA,Washington,2000,25.66,63.11,11.23
WA,Washington,2001,25.35,63.46,11.19
WA,Washington,2002,25.08,63.73,11.19
WA,Washington,2003,24.82,63.92,11.26
WA,Washington,2004,24.61,64.08,11.31
WA,Washington,2005,24.35,64.25,11.4
WA,Washington,2006,24.12,64.36,11.52
WA,Washington,2007,23.98,64.37,11.65
WA,Washington,2008,23.78,64.37,11.85
WA,Washington,2009,23.61,64.29,12.1
WA,Washington,2010,23.62,63.94,12.44
WA,Washington,2011,23.42,63.91,12.67
WA,Washington,2012,23.19,63.61,13.2
WA,Washington,2013,23.06,63.29,13.65
WA,Washington,2014,22.88,63.05,14.07
WA,Washington,2015,22.71,62.83,14.46
WA,Washington,2016,22.56,62.64,14.8
WA,Washington,2017,22.39,62.48,15.13
WA,Washington,2018,22.18,62.29,15.53
WA,Washington,2019,21.97,62.08,15.95
WA,Washington,2020,22.11,62.0,15.89
WA,Washington,2021,21.86,61.73,16.41
WA,Washington,2022,21.53,61.68,16.79
WA,Washington,2023,21.22,61.63,17.15
WA,Washington,2024,20.92,61.64,17.44
WI,Wisconsin,1970,35.63,53.71,10.66
WI,Wisconsin,1971,35.09,54.16,10.75
WI,Wisconsin,1972,34.4,54.76,10.84
WI,Wisconsin,1973,33.67,55.35,10.98
WI,Wisconsin,1974,32.92,55.96,11.12
WI,Wisconsin,1975,32.22,56.54,11.24
WI,Wisconsin,1976,31.47,57.14,11.39
WI,Wisconsin,1977,30.75,57.68,11.57
WI,Wisconsin,1978,30.05,58.21,11.74
WI,Wisconsin,1979,29.41,58.7,11.89
WI,Wisconsin,1981,28.32,59.44,12.24
WI,Wisconsin,1982,27.88,59.67,12.45
WI,Wisconsin,1983,27.4,59.92,12.68
WI,Wisconsin,1984,27.07,60.13,12.8
WI,Wisconsin,1985,26.81,60.28,12.91
WI,Wisconsin,1986,26.65,60.3,13.05
WI,Wisconsin,1987,26.57,60.25,13.18
WI,Wisconsin,1988,26.53,60.27,13.2
WI,Wisconsin,1989,26.63,60.1,13.27
WI,Wisconsin,1990,26.57,60.12,13.31
WI,Wisconsin,1991,26.52,60.17,13.31
WI,Wisconsin,1992,26.53,60.15,13.32
WI,Wisconsin,1993,26.37,60.28,13.35
WI,Wisconsin,1994,26.35,60.33,13.32
WI,Wisconsin,1995,26.17,60.49,13.34
WI,Wisconsin,1996,25.98,60.72,13.3
WI,Wisconsin,1997,25.95,60.79,13.26
WI,Wisconsin,1998,25.83,60.94,13.23
WI,Wisconsin,1999,25.68,61.15,13.17
WI,Wisconsin,2000,25.5,61.41,13.09
WI,Wisconsin,2001,25.29,61.67,13.04
WI,Wisconsin,2002,25.07,61.92,13.01
WI,Wisconsin,2003,24.79,62.19,13.02
WI,Wisconsin,2004,24.57,62.4,13.03
WI,Wisconsin,2005,24.34,62.61,13.05
WI,Wisconsin,2006,24.18,62.71,13.11
WI,Wisconsin,2007,24.04,62.76,13.2
WI,Wisconsin,2008,23.85,62.75,13.4
WI,Wisconsin,2009,23.68,62.77,13.55
WI,Wisconsin,2010,23.51,62.77,13.72
WI,Wisconsin,2011,23.26,62.86,13.88
WI,Wisconsin,2012,23.03,62.62,14.35
WI,Wisconsin,2013,22.83,62.44,14.73
WI,Wisconsin,2014,22.65,62.21,15.14
WI,Wisconsin,2015,22.49,61.97,15.54
WI,Wisconsin,2016,22.33,61.68,15.99
WI,Wisconsin,2017,22.17,61.38,16.45
WI,Wisconsin,2018,21.98,61.11,16.91
WI,Wisconsin,2019,21.78,60.79,17.43
WI,Wisconsin,2020,21.89,60.59,17.52
WI,Wisconsin,2021,21.7,60.26,18.04
WI,Wisconsin,2022,21.4,60.06,18.54
WI,Wisconsin,2023,21.14,59.78,19.08
WI,Wisconsin,2024,20.82,59.57,19.61
WV,West Virginia,1970,33.07,55.82,11.11
WV,West Virginia,1971,32.75,56.04,11.21
WV,West Virginia,1972,32.31,56.43,11.26
WV,West Virginia,1973,31.78,56.78,11.44
WV,West Virginia,1974,31.25,57.11,11.64
WV,West Virginia,1975,30.8,57.48,11.72
WV,West Virginia,1976,30.34,57.94,11.72
WV,West Virginia,1977,29.88,58.31,11.81
WV,West Virginia,1978,29.43,58.64,11.93
WV,West Virginia,1979,29.03,58.92,12.05
WV,West Virginia,1981,28.23,59.38,12.39
WV,West Virginia,1982,27.88,59.49,12.63
WV,West Virginia,1983,27.6,59.58,12.82
WV,West Virginia,1984,27.22,59.71,13.07
WV,West Virginia,1985,26.74,59.91,13.35
WV,West Virginia,1986,26.37,59.97,13.66
WV,West Virginia,1987,25.95,60.03,14.02
WV,West Virginia,1988,25.62,60.02,14.36
WV,West Virginia,1989,25.26,60.03,14.71
WV,West Virginia,1990,24.36,60.65,14.99
WV,West Virginia,1991,24.12,60.81,15.07
WV,West Virginia,1992,23.95,60.91,15.14
WV,West Virginia,1993,23.76,61.04,15.2
WV,West Virginia,1994,23.54,61.26,15.2
WV,West Virginia,1995,23.47,61.28,15.25
WV,West Virginia,1996,23.14,61.63,15.23
WV,West Virginia,1997,22.89,61.92,15.19
WV,West Virginia,1998,22.61,62.24,15.15
WV,West Virginia,1999,22.33,62.57,15.1
WV,West Virginia,2000,22.19,62.48,15.33
WV,West Virginia,2001,21.94,62.69,15.37
WV,West Virginia,2002,21.8,62.83,15.37
WV,West Virginia,2003,21.66,62.93,15.41
WV,West Virginia,2004,21.57,63.02,15.41
WV,West Virginia,2005,21.45,63.1,15.45
WV,West Virginia,2006,21.37,63.09,15.54
WV,West Virginia,2007,21.3,63.03,15.67
WV,West Virginia,2008,21.2,62.94,15.86
WV,West Virginia,2009,21.05,62.99,15.96
WV,West Virginia,2010,20.91,62.99,16.1
WV,West Virginia,2011,20.79,62.97,16.24
WV,West Virginia,2012,20.72,62.48,16.8
WV,West Virginia,2013,20.64,62.08,17.28
WV,West Virginia,2014,20.6,61.59,17.81
WV,West Virginia,2015,20.54,61.16,18.3
WV,West Virginia,2016,20.45,60.7,18.85
WV,West Virginia,2017,20.34,60.24,19.42
WV,West Virginia,2018,20.23,59.81,19.96
WV,West Virginia,2019,20.09,59.42,20.49
WV,West Virginia,2020,20.22,59.43,20.35
WV,West Virginia,2021,20.08,59.21,20.71
WV,West Virginia,2022,20.0,58.92,21.08
WV,West Virginia,2023,19.88,58.62,21.5
WV,West Virginia,2024,19.68,58.43,21.89
WY,Wyoming,1970,35.64,55.31,9.05
WY,Wyoming,1971,35.13,55.81,9.06
WY,Wyoming,1972,34.47,56.5,9.03
WY,Wyoming,1973,33.8,57.18,9.02
WY,Wyoming,1974,33.22,57.8,8.98
WY,Wyoming,1975,32.74,58.47,8.79
WY,Wyoming,1976,32.24,59.11,8.65
WY,Wyoming,1977,31.86,59.65,8.49
WY,Wyoming,1978,31.57,60.17,8.26
WY,Wyoming,1979,31.35,60.57,8.08
WY,Wyoming,1981,31.36,60.84,7.8
WY,Wyoming,1982,31.23,61.0,7.77
WY,Wyoming,1983,31.66,60.42,7.92
WY,Wyoming,1984,31.58,60.28,8.14
WY,Wyoming,1985,31.39,60.29,8.32
WY,Wyoming,1986,31.4,60.04,8.56
WY,Wyoming,1987,31.31,59.57,9.12
WY,Wyoming,1988,30.75,59.65,9.6
WY,Wyoming,1989,30.23,59.75,10.02
WY,Wyoming,1990,29.99,59.58,10.43
WY,Wyoming,1991,29.78,59.63,10.59
WY,Wyoming,1992,29.46,59.84,10.7
WY,Wyoming,1993,29.07,60.07,10.86
WY,Wyoming,1994,28.68,60.37,10.95
WY,Wyoming,1995,28.2,60.7,11.1
WY,Wyoming,1996,27.78,60.99,11.23
WY,Wyoming,1997,27.41,61.19,11.4
WY,Wyoming,1998,26.95,61.55,11.5
WY,Wyoming,1999,26.44,61.96,11.6
WY,Wyoming,2000,26.05,62.24,11.71
WY,Wyoming,2001,25.52,62.65,11.83
WY,Wyoming,2002,25.1,63.07,11.83
WY,Wyoming,2003,24.67,63.37,11.96
WY,Wyoming,2004,24.35,63.63,12.02
WY,Wyoming,2005,24.12,63.79,12.09
WY,Wyoming,2006,24.02,63.87,12.11
WY,Wyoming,2007,24.07,63.82,12.11
WY,Wyoming,2008,24.08,63.71,12.21
WY,Wyoming,2009,24.11,63.64,12.25
WY,Wyoming,2010,24.14,63.29,12.57
WY,Wyoming,2011,24.0,63.19,12.81
WY,Wyoming,2012,23.8,62.98,13.22
WY,Wyoming,2013,23.79,62.59,13.62
WY,Wyoming,2014,23.88,61.99,14.13
WY,Wyoming,2015,23.95,61.44,14.61
WY,Wyoming,2016,23.89,60.92,15.19
WY,Wyoming,2017,23.64,60.42,15.94
WY,Wyoming,2018,23.38,59.95,16.67
WY,Wyoming,2019,23.15,59.53,17.32
WY,Wyoming,2020,23.27,59.21,17.52
WY,Wyoming,2021,22.96,58.93,18.11
WY,Wyoming,2022,22.63,58.71,18.66
WY,Wyoming,2023,22.28,58.49,19.23
WY,Wyoming,2024,21.87,58.37,19.76
