st,state,year,coal_pct,natural_gas_and_oil_pct,nuclear_hydro_wind_solar_pct
AK,Alaska,1990,9.12,70.78,20.1
AK,Alaska,1991,9.66,71.11,19.23
AK,Alaska,1992,9.36,70.52,20.13
AK,Alaska,1993,9.32,66.06,24.63
AK,Alaska,1994,8.43,66.43,25.14
AK,Alaska,1995,8.78,66.38,24.84
AK,Alaska,1996,7.0,70.48,22.53
AK,Alaska,1997,7.19,74.18,18.63
AK,Alaska,1998,9.0,71.87,19.13
AK,Alaska,1999,9.02,76.91,14.07
AK,Alaska,2000,8.75,74.98,16.27
AK,Alaska,2001,8.37,71.66,19.97
AK,Alaska,2002,8.5,70.05,21.45
AK,Alaska,2003,8.67,66.27,25.06
AK,Alaska,2004,9.94,66.96,23.09
AK,Alaska,2005,9.49,68.16,22.35
AK,Alaska,2006,9.25,72.3,18.45
AK,Alaska,2007,9.4,71.5,19.09
AK,Alaska,2008,9.12,73.51,17.37
AK,Alaska,2009,9.41,70.64,19.95
AK,Alaska,2010,9.18,69.34,21.48
AK,Alaska,2011,9.55,70.65,19.8
AK,Alaska,2012,9.86,66.89,23.25
AK,Alaska,2013,9.61,65.25,25.13
AK,Alaska,2014,9.24,61.76,29.0
AK,Alaska,2015,10.62,61.02,28.37
AK,Alaska,2016,9.38,61.09,29.53
AK,Alaska,2017,8.55,63.31,28.14
AK,Alaska,2018,10.06,60.11,29.83
AK,Alaska,2019,11.24,59.07,29.69
AK,Alaska,2020,11.49,57.75,30.76
AK,Alaska,2021,11.41,60.42,28.17
AK,Alaska,2022,10.85,60.87,28.27
AK,Alaska,2023,10.87,60.51,28.62
AK,Alaska,2024,11.24,60.55,28.22
AL,Alabama,1990,67.37,1.79,30.84
AL,Alabama,1991,65.58,1.9,32.53
AL,Alabama,1992,64.22,2.02,33.76
AL,Alabama,1993,67.79,1.8,30.41
AL,Alabama,1994,62.82,1.81,35.37
AL,Alabama,1995,65.64,1.98,32.38
AL,Alabama,1996,60.99,2.06,36.94
AL,Alabama,1997,60.5,2.21,37.29
AL,Alabama,1998,60.02,3.73,36.25
AL,Alabama,1999,61.13,3.28,35.6
AL,Alabama,2000,62.31,4.52,33.17
AL,Alabama,2001,57.6,8.17,34.23
AL,Alabama,2002,54.25,12.3,33.46
AL,Alabama,2003,55.79,9.28,34.93
AL,Alabama,2004,54.49,11.98,33.53
AL,Alabama,2005,56.65,10.37,32.98
AL,Alabama,2006,55.45,14.0,30.56
AL,Alabama,2007,54.23,16.39,29.38
AL,Alabama,2008,51.15,15.61,33.24
AL,Alabama,2009,38.92,22.38,38.7
AL,Alabama,2010,41.54,26.16,32.3
AL,Alabama,2011,36.43,30.84,32.74
AL,Alabama,2012,29.88,36.68,33.44
AL,Alabama,2013,31.25,31.17,37.58
AL,Alabama,2014,31.67,32.51,35.82
AL,Alabama,2015,27.16,36.7,36.14
AL,Alabama,2016,24.06,40.65,35.29
AL,Alabama,2017,22.46,37.89,39.65
AL,Alabama,2018,21.91,40.58,37.51
AL,Alabama,2019,18.68,40.1,41.21
AL,Alabama,2020,15.8,40.16,44.04
AL,Alabama,2021,18.85,38.16,42.99
AL,Alabama,2022,17.92,43.0,39.08
AL,Alabama,2023,13.76,44.37,41.87
AL,Alabama,2024,14.65,45.21,40.14
AR,Arkansas,1990,49.18,9.37,41.45
AR,Arkansas,1991,48.34,8.35,43.31
AR,Arkansas,1992,50.56,8.75,40.69
AR,Arkansas,1993,44.67,6.86,48.47
AR,Arkansas,1994,47.23,7.67,45.09
AR,Arkansas,1995,51.36,9.48,39.16
AR,Arkansas,1996,52.98,8.49,38.53
AR,Arkansas,1997,50.47,6.8,42.73
AR,Arkansas,1998,50.76,10.23,39.01
AR,Arkansas,1999,52.99,10.1,36.9
AR,Arkansas,2000,55.09,9.31,35.6
AR,Arkansas,2001,52.48,7.6,39.92
AR,Arkansas,2002,48.69,10.04,41.27
AR,Arkansas,2003,46.74,15.09,38.16
AR,Arkansas,2004,48.88,10.81,40.3
AR,Arkansas,2005,48.24,13.01,38.75
AR,Arkansas,2006,46.39,18.11,35.5
AR,Arkansas,2007,47.19,15.51,37.3
AR,Arkansas,2008,47.5,15.5,37.0
AR,Arkansas,2009,43.74,19.73,36.54
AR,Arkansas,2010,46.17,20.52,33.3
AR,Arkansas,2011,48.04,21.23,30.73
AR,Arkansas,2012,43.79,26.41,29.8
AR,Arkansas,2013,52.91,20.21,26.88
AR,Arkansas,2014,54.01,15.68,30.32
AR,Arkansas,2015,39.16,26.89,33.95
AR,Arkansas,2016,39.4,30.15,30.44
AR,Arkansas,2017,43.27,28.58,28.15
AR,Arkansas,2018,44.14,30.4,25.46
AR,Arkansas,2019,36.21,33.89,29.9
AR,Arkansas,2020,28.26,33.63,38.11
AR,Arkansas,2021,35.11,33.9,30.99
AR,Arkansas,2022,30.93,39.65,29.42
AR,Arkansas,2023,26.7,42.06,31.25
AR,Arkansas,2024,25.48,40.32,34.2
AZ,Arizona,1990,51.04,3.98,44.98
AZ,Arizona,1991,48.71,3.51,47.78
AZ,Arizona,1992,49.55,4.38,46.07
AZ,Arizona,1993,54.7,2.97,42.34
AZ,Arizona,1994,53.53,3.68,42.79
AZ,Arizona,1995,45.91,3.27,50.82
AZ,Arizona,1996,43.47,3.12,53.41
AZ,Arizona,1997,43.94,3.25,52.81
AZ,Arizona,1998,44.68,4.88,50.44
AZ,Arizona,1999,45.84,6.08,48.08
AZ,Arizona,2000,46.24,10.07,43.7
AZ,Arizona,2001,44.69,14.71,40.59
AZ,Arizona,2002,40.7,18.47,40.83
AZ,Arizona,2003,41.06,20.46,38.48
AZ,Arizona,2004,38.56,27.41,34.03
AZ,Arizona,2005,39.6,28.54,31.85
AZ,Arizona,2006,38.8,31.6,29.6
AZ,Arizona,2007,36.46,34.02,29.52
AZ,Arizona,2008,36.73,32.57,30.7
AZ,Arizona,2009,35.52,31.13,33.36
AZ,Arizona,2010,39.13,26.67,34.2
AZ,Arizona,2011,40.47,21.58,37.95
AZ,Arizona,2012,36.21,27.38,36.42
AZ,Arizona,2013,38.39,26.24,35.37
AZ,Arizona,2014,38.01,24.32,37.67
AZ,Arizona,2015,31.99,29.81,38.2
AZ,Arizona,2016,27.97,31.49,40.54
AZ,Arizona,2017,29.65,28.0,42.36
AZ,Arizona,2018,27.47,33.25,39.28
AZ,Arizona,2019,20.45,40.64,38.91
AZ,Arizona,2020,12.58,46.52,40.9
AZ,Arizona,2021,13.18,44.32,42.5
AZ,Arizona,2022,12.86,43.1,44.05
AZ,Arizona,2023,10.8,47.3,41.9
AZ,Arizona,2024,8.45,47.44,44.11
CA,California,1990,1.6,49.63,48.77
CA,California,1991,1.66,49.08,49.27
CA,California,1992,1.86,52.71,45.43
CA,California,1993,1.68,46.25,52.08
CA,California,1994,1.77,54.42,43.82
CA,California,1995,1.56,43.29,55.15
CA,California,1996,1.46,40.72,57.82
CA,California,1997,1.36,44.29,54.35
CA,California,1998,1.15,42.69,56.16
CA,California,1999,1.22,47.52,51.27
CA,California,2000,1.14,52.5,46.36
CA,California,2001,1.12,58.43,40.45
CA,California,2002,1.26,50.43,48.3
CA,California,2003,1.2,49.42,49.38
CA,California,2004,1.15,53.57,45.28
CA,California,2005,1.07,49.15,49.78
CA,California,2006,1.03,50.91,48.06
CA,California,2007,1.09,57.04,41.87
CA,California,2008,1.1,59.6,39.3
CA,California,2009,1.01,57.21,41.79
CA,California,2010,1.03,54.2,44.77
CA,California,2011,0.99,45.78,53.23
CA,California,2012,0.69,61.29,38.01
CA,California,2013,0.41,60.78,38.8
CA,California,2014,0.41,61.51,38.09
CA,California,2015,0.15,60.16,39.69
CA,California,2016,0.16,50.2,49.64
CA,California,2017,0.14,43.83,56.03
CA,California,2018,0.14,46.89,52.97
CA,California,2019,0.12,43.46,56.42
CA,California,2020,0.15,48.66,51.19
CA,California,2021,0.15,50.21,49.64
CA,California,2022,0.12,48.16,51.71
CA,California,2023,0.1,44.07,55.84
CA,California,2024,0.11,40.83,59.06
CO,Colorado,1990,91.51,4.04,4.45
CO,Colorado,1991,90.09,4.18,5.73
CO,Colorado,1992,91.21,4.19,4.61
CO,Colorado,1993,89.86,4.45,5.7
CO,Colorado,1994,89.02,6.56,4.42
CO,Colorado,1995,85.83,8.07,6.09
CO,Colorado,1996,86.39,8.64,4.97
CO,Colorado,1997,85.77,8.74,5.49
CO,Colorado,1998,85.89,10.26,3.84
CO,Colorado,1999,83.26,12.7,4.04
CO,Colorado,2000,80.19,16.47,3.34
CO,Colorado,2001,76.29,20.3,3.41
CO,Colorado,2002,77.23,19.76,3.01
CO,Colorado,2003,77.14,19.79,3.08
CO,Colorado,2004,74.59,22.39,3.02
CO,Colorado,2005,71.51,24.01,4.48
CO,Colorado,2006,71.26,23.46,5.28
CO,Colorado,2007,66.51,27.84,5.65
CO,Colorado,2008,64.91,25.17,9.92
CO,Colorado,2009,62.5,27.37,10.14
CO,Colorado,2010,68.07,21.82,10.11
CO,Colorado,2011,65.79,19.78,14.43
CO,Colorado,2012,65.45,19.97,14.58
CO,Colorado,2013,63.39,20.16,16.45
CO,Colorado,2014,60.24,22.14,17.62
CO,Colorado,2015,59.94,22.14,17.92
CO,Colorado,2016,54.79,23.21,22.0
CO,Colorado,2017,54.04,23.17,22.79
CO,Colorado,2018,47.46,29.52,23.02
CO,Colorado,2019,44.84,30.29,24.87
CO,Colorado,2020,35.93,33.21,30.85
CO,Colorado,2021,41.54,25.69,32.78
CO,Colorado,2022,37.44,26.67,35.88
CO,Colorado,2023,32.68,30.03,37.29
CO,Colorado,2024,28.05,30.59,41.35
CT,Connecticut,1990,10.23,28.82,60.96
CT,Connecticut,1991,13.44,35.38,51.18
CT,Connecticut,1992,12.73,23.82,63.45
CT,Connecticut,1993,10.67,17.54,71.79
CT,Connecticut,1994,11.62,17.46,70.92
CT,Connecticut,1995,12.25,20.96,66.79
CT,Connecticut,1996,19.51,36.34,44.15
CT,Connecticut,1997,23.52,62.8,13.68
CT,Connecticut,1998,15.32,55.47,29.21
CT,Connecticut,1999,5.2,41.63,53.17
CT,Connecticut,2000,9.66,32.58,57.76
CT,Connecticut,2001,12.61,31.27,56.12
CT,Connecticut,2002,10.58,36.75,52.67
CT,Connecticut,2003,14.61,24.78,60.61
CT,Connecticut,2004,13.35,30.91,55.74
CT,Connecticut,2005,12.18,36.64,51.18
CT,Connecticut,2006,12.61,34.66,52.73
CT,Connecticut,2007,11.52,34.64,53.85
CT,Connecticut,2008,14.77,28.91,56.32
CT,Connecticut,2009,8.05,33.16,58.8
CT,Connecticut,2010,7.98,37.21,54.81
CT,Connecticut,2011,1.59,46.48,51.93
CT,Connecticut,2012,1.85,47.09,51.07
CT,Connecticut,2013,1.95,46.09,51.96
CT,Connecticut,2014,2.49,45.96,51.54
CT,Connecticut,2015,1.63,48.21,50.16
CT,Connecticut,2016,0.49,50.24,49.27
CT,Connecticut,2017,0.58,47.45,51.97
CT,Connecticut,2018,0.85,52.19,46.97
CT,Connecticut,2019,0.13,54.11,45.76
CT,Connecticut,2020,0.0,58.03,41.97
CT,Connecticut,2021,0.56,56.39,43.05
CT,Connecticut,2022,0.0,58.38,41.62
CT,Connecticut,2023,0.0,62.33,37.67
CT,Connecticut,2024,0.0,58.77,41.23
DC,District of Columbia,1990,0.0,100.0,0.0
DC,District of Columbia,1991,0.0,100.0,0.0
DC,District of Columbia,1992,0.0,100.0,0.0
DC,District of Columbia,1993,0.0,100.0,0.0
DC,District of Columbia,1994,0.0,100.0,0.0
DC,District of Columbia,1995,0.0,100.0,0.0
DC,District of Columbia,1996,0.0,100.0,0.0
DC,District of Columbia,1997,0.0,100.0,0.0
DC,District of Columbia,1998,0.0,100.0,0.0
DC,District of Columbia,1999,0.0,100.0,0.0
DC,District of Columbia,2000,0.0,100.0,0.0
DC,District of Columbia,2001,0.0,100.0,0.0
DC,District of Columbia,2002,0.0,100.0,0.0
DC,District of Columbia,2003,0.0,100.0,0.0
DC,District of Columbia,2004,0.0,100.0,0.0
DC,District of Columbia,2005,0.0,100.0,0.0
DC,District of Columbia,2006,0.0,100.0,0.0
DC,District of Columbia,2007,0.0,100.0,0.0
DC,District of Columbia,2008,0.0,100.0,0.0
DC,District of Columbia,2009,0.0,100.0,0.0
DC,District of Columbia,2010,0.0,100.0,0.0
DC,District of Columbia,2011,0.0,100.0,0.0
DC,District of Columbia,2012,0.0,100.0,0.0
DC,District of Columbia,2013,0.0,100.0,0.0
DC,District of Columbia,2014,0.0,100.0,0.0
DC,District of Columbia,2015,0.0,42.33,57.67
DC,District of Columbia,2016,0.0,30.99,69.01
DC,District of Columbia,2017,0.0,29.47,70.53
DC,District of Columbia,2018,0.0,28.7,71.3
DC,District of Columbia,2019,0.0,63.26,36.74
DC,District of Columbia,2020,0.0,66.41,33.59
DC,District of Columbia,2021,0.0,64.95,35.05
DC,District of Columbia,2022,0.0,50.11,49.89
DC,District of Columbia,2023,0.0,51.94,48.06
DC,District of Columbia,2024,0.0,53.22,46.78
DE,Delaware,1990,65.26,34.74,0.0
DE,Delaware,1991,61.55,38.45,0.0
DE,Delaware,1992,57.38,42.62,0.0
DE,Delaware,1993,59.64,40.36,0.0
DE,Delaware,1994,53.67,46.33,0.0
DE,Delaware,1995,49.19,50.81,0.0
DE,Delaware,1996,49.81,50.19,0.0
DE,Delaware,1997,55.39,44.61,0.0
DE,Delaware,1998,56.66,43.34,0.0
DE,Delaware,1999,41.37,58.63,0.0
DE,Delaware,2000,68.68,31.0,0.31
DE,Delaware,2001,49.48,50.52,0.0
DE,Delaware,2002,57.7,42.3,0.0
DE,Delaware,2003,54.47,45.53,0.0
DE,Delaware,2004,60.39,39.61,0.0
DE,Delaware,2005,59.4,40.6,0.0
DE,Delaware,2006,69.18,30.81,0.01
DE,Delaware,2007,65.87,33.56,0.56
DE,Delaware,2008,70.1,27.72,2.17
DE,Delaware,2009,58.9,38.5,2.6
DE,Delaware,2010,45.64,51.91,2.46
DE,Delaware,2011,22.08,75.53,2.4
DE,Delaware,2012,16.48,82.0,1.52
DE,Delaware,2013,19.9,78.72,1.37
DE,Delaware,2014,11.23,87.06,1.7
DE,Delaware,2015,7.66,90.67,1.66
DE,Delaware,2016,5.49,93.09,1.42
DE,Delaware,2017,4.79,93.64,1.58
DE,Delaware,2018,4.38,93.79,1.83
DE,Delaware,2019,2.27,95.44,2.29
DE,Delaware,2020,1.96,95.51,2.52
DE,Delaware,2021,6.43,90.42,3.15
DE,Delaware,2022,1.97,95.25,2.77
DE,Delaware,2023,0.0,95.28,4.72
DE,Delaware,2024,3.0,92.62,4.38
FL,Florida,1990,46.21,33.97,19.82
FL,Florida,1991,45.1,36.63,18.27
FL,Florida,1992,44.22,34.23,21.55
FL,Florida,1993,42.02,36.97,21.01
FL,Florida,1994,40.66,38.49,20.85
FL,Florida,1995,39.76,39.35,20.89
FL,Florida,1996,42.93,37.96,19.11
FL,Florida,1997,42.68,39.77,17.55
FL,Florida,1998,37.47,42.93,19.61
FL,Florida,1999,36.51,43.37,20.12
FL,Florida,2000,38.33,41.61,20.06
FL,Florida,2001,36.31,44.78,18.9
FL,Florida,2002,32.9,48.33,18.78
FL,Florida,2003,32.4,50.51,17.1
FL,Florida,2004,30.21,53.03,16.76
FL,Florida,2005,28.85,55.76,15.39
FL,Florida,2006,29.67,54.02,16.31
FL,Florida,2007,30.56,54.25,15.19
FL,Florida,2008,29.9,53.2,16.9
FL,Florida,2009,25.09,59.27,15.64
FL,Florida,2010,26.47,60.89,12.64
FL,Florida,2011,23.79,63.91,12.3
FL,Florida,2012,20.32,69.33,10.35
FL,Florida,2013,21.13,64.53,14.34
FL,Florida,2014,22.92,62.48,14.6
FL,Florida,2015,18.3,67.4,14.3
FL,Florida,2016,16.77,68.61,14.62
FL,Florida,2017,15.94,69.08,14.98
FL,Florida,2018,12.55,72.1,15.35
FL,Florida,2019,8.76,75.7,15.54
FL,Florida,2020,6.7,77.09,16.21
FL,Florida,2021,7.5,74.95,17.55
FL,Florida,2022,6.06,75.88,18.07
FL,Florida,2023,4.54,77.07,18.39
FL,Florida,2024,2.97,77.77,19.26
GA,Georgia,1990,66.98,1.3,31.73
GA,Georgia,1991,63.75,1.41,34.84
GA,Georgia,1992,61.14,1.59,37.27
GA,Georgia,1993,63.55,1.81,34.63
GA,Georgia,1994,63.31,1.57,35.12
GA,Georgia,1995,62.36,2.15,35.48
GA,Georgia,1996,61.76,1.97,36.27
GA,Georgia,1997,62.53,2.0,35.47
GA,Georgia,1998,61.37,4.21,34.42
GA,Georgia,1999,64.02,4.08,31.9
GA,Georgia,2000,64.58,4.73,30.68
GA,Georgia,2001,62.72,4.24,33.04
GA,Georgia,2002,62.01,6.37,31.63
GA,Georgia,2003,63.07,4.39,32.54
GA,Georgia,2004,62.63,5.54,31.83
GA,Georgia,2005,63.72,7.9,28.39
GA,Georgia,2006,62.55,9.98,27.47
GA,Georgia,2007,62.12,11.6,26.28
GA,Georgia,2008,62.73,10.4,26.87
GA,Georgia,2009,54.11,16.48,29.41
GA,Georgia,2010,53.18,17.79,29.03
GA,Georgia,2011,47.95,21.6,30.45
GA,Georgia,2012,33.08,34.87,32.06
GA,Georgia,2013,33.17,33.48,33.35
GA,Georgia,2014,35.79,32.67,31.54
GA,Georgia,2015,28.66,39.16,32.18
GA,Georgia,2016,28.22,39.53,32.25
GA,Georgia,2017,25.26,41.21,33.53
GA,Georgia,2018,24.82,40.42,34.75
GA,Georgia,2019,19.54,45.56,34.9
GA,Georgia,2020,11.55,49.31,39.13
GA,Georgia,2021,15.35,45.75,38.89
GA,Georgia,2022,13.2,47.51,39.29
GA,Georgia,2023,12.92,46.44,40.64
GA,Georgia,2024,12.7,40.7,46.6
HI,Hawaii,1990,0.02,90.2,9.77
HI,Hawaii,1991,0.09,89.23,10.68
HI,Hawaii,1992,5.65,85.29,9.05
HI,Hawaii,1993,14.87,74.99,10.13
HI,Hawaii,1994,13.12,76.24,10.64
HI,Hawaii,1995,15.15,75.21,9.63
HI,Hawaii,1996,15.46,75.49,9.05
HI,Hawaii,1997,15.27,75.2,9.53
HI,Hawaii,1998,14.03,77.35,8.62
HI,Hawaii,1999,13.84,77.32,8.83
HI,Hawaii,2000,14.9,76.41,8.69
HI,Hawaii,2001,15.34,78.96,5.71
HI,Hawaii,2002,13.42,82.54,4.05
HI,Hawaii,2003,15.22,79.07,5.72
HI,Hawaii,2004,14.27,80.01,5.73
HI,Hawaii,2005,14.34,80.09,5.58
HI,Hawaii,2006,13.6,79.92,6.48
HI,Hawaii,2007,13.87,78.7,7.43
HI,Hawaii,2008,14.69,77.64,7.68
HI,Hawaii,2009,14.11,78.2,7.69
HI,Hawaii,2010,14.76,77.44,7.81
HI,Hawaii,2011,13.75,76.85,9.4
HI,Hawaii,2012,15.21,74.5,10.28
HI,Hawaii,2013,14.22,73.57,12.21
HI,Hawaii,2014,15.42,71.31,13.26
HI,Hawaii,2015,13.72,72.54,13.74
HI,Hawaii,2016,15.55,69.51,14.94
HI,Hawaii,2017,14.56,70.75,14.69
HI,Hawaii,2018,13.93,72.28,13.79
HI,Hawaii,2019,13.92,73.43,12.65
HI,Hawaii,2020,13.3,70.24,16.45
HI,Hawaii,2021,12.07,68.5,19.44
HI,Hawaii,2022,7.13,73.3,19.56
HI,Hawaii,2023,0.0,79.37,20.63
HI,Hawaii,2024,0.0,78.37,21.63
IA,Iowa,1990,85.71,1.29,13.0
IA,Iowa,1991,82.92,1.36,15.72
IA,Iowa,1992,84.48,1.01,14.51
IA,Iowa,1993,85.9,1.58,12.52
IA,Iowa,1994,82.77,1.44,15.79
IA,Iowa,1995,84.63,1.57,13.8
IA,Iowa,1996,84.59,1.2,14.21
IA,Iowa,1997,84.23,1.49,14.28
IA,Iowa,1998,85.83,1.76,12.41
IA,Iowa,1999,85.45,1.66,12.89
IA,Iowa,2000,84.41,1.29,14.3
IA,Iowa,2001,85.28,1.71,13.01
IA,Iowa,2002,83.17,1.45,15.37
IA,Iowa,2003,85.07,0.98,13.95
IA,Iowa,2004,81.58,2.16,16.26
IA,Iowa,2005,77.59,5.96,16.45
IA,Iowa,2006,75.66,5.74,18.6
IA,Iowa,2007,76.31,6.84,16.85
IA,Iowa,2008,76.12,4.38,19.5
IA,Iowa,2009,72.02,2.45,25.53
IA,Iowa,2010,71.79,2.55,25.66
IA,Iowa,2011,67.82,2.01,30.18
IA,Iowa,2012,62.34,3.61,34.05
IA,Iowa,2013,58.76,2.77,38.46
IA,Iowa,2014,59.33,2.67,38.0
IA,Iowa,2015,52.62,4.43,42.95
IA,Iowa,2016,46.34,5.96,47.71
IA,Iowa,2017,43.79,8.14,48.07
IA,Iowa,2018,45.05,11.76,43.19
IA,Iowa,2019,35.37,12.65,51.98
IA,Iowa,2020,23.72,11.99,64.29
IA,Iowa,2021,32.89,9.81,57.29
IA,Iowa,2022,24.9,10.18,64.92
IA,Iowa,2023,23.5,14.76,61.74
IA,Iowa,2024,20.53,13.92,65.55
ID,Idaho,1990,0.46,0.59,98.95
ID,Idaho,1991,0.17,1.15,98.68
ID,Idaho,1992,0.6,1.89,97.51
ID,Idaho,1993,0.38,1.5,98.12
ID,Idaho,1994,0.44,1.84,97.72
ID,Idaho,1995,0.4,1.43,98.17
ID,Idaho,1996,0.21,1.21,98.58
ID,Idaho,1997,0.18,2.1,97.73
ID,Idaho,1998,0.35,2.44,97.21
ID,Idaho,1999,0.36,2.31,97.33
ID,Idaho,2000,0.6,2.59,96.82
ID,Idaho,2001,0.78,15.25,83.96
ID,Idaho,2002,0.94,3.39,95.67
ID,Idaho,2003,0.87,13.27,85.86
ID,Idaho,2004,0.92,15.74,83.34
ID,Idaho,2005,0.88,14.8,84.32
ID,Idaho,2006,0.62,9.75,89.63
ID,Idaho,2007,0.73,14.52,84.75
ID,Idaho,2008,0.76,14.28,84.96
ID,Idaho,2009,0.63,12.62,86.75
ID,Idaho,2010,0.74,14.14,85.12
ID,Idaho,2011,0.51,6.74,92.76
ID,Idaho,2012,0.5,12.3,87.2
ID,Idaho,2013,0.61,22.45,76.94
ID,Idaho,2014,0.51,16.89,82.59
ID,Idaho,2015,0.51,24.4,75.09
ID,Idaho,2016,0.19,21.3,78.51
ID,Idaho,2017,0.14,17.77,82.09
ID,Idaho,2018,0.11,18.11,81.78
ID,Idaho,2019,0.11,23.26,76.62
ID,Idaho,2020,0.11,23.58,76.31
ID,Idaho,2021,0.1,29.42,70.48
ID,Idaho,2022,0.04,26.71,73.25
ID,Idaho,2023,0.0,32.0,68.0
ID,Idaho,2024,0.0,31.48,68.52
IL,Illinois,1990,42.48,1.73,55.79
IL,Illinois,1991,42.26,2.33,55.41
IL,Illinois,1992,40.15,1.99,57.86
IL,Illinois,1993,42.86,2.24,54.9
IL,Illinois,1994,44.59,3.71,51.71
IL,Illinois,1995,43.33,3.56,53.11
IL,Illinois,1996,49.65,2.74,47.61
IL,Illinois,1997,57.81,3.83,38.37
IL,Illinois,1998,54.43,4.86,40.71
IL,Illinois,1999,45.96,3.5,50.54
IL,Illinois,2000,46.12,3.18,50.7
IL,Illinois,2001,44.39,3.61,52.0
IL,Illinois,2002,46.13,5.07,48.8
IL,Illinois,2003,46.58,2.77,50.66
IL,Illinois,2004,49.21,2.29,48.49
IL,Illinois,2005,47.54,3.94,48.52
IL,Illinois,2006,47.64,2.89,49.47
IL,Illinois,2007,47.58,3.9,48.53
IL,Illinois,2008,48.46,2.23,49.3
IL,Illinois,2009,46.42,2.42,51.16
IL,Illinois,2010,46.56,2.98,50.46
IL,Illinois,2011,45.19,3.19,51.62
IL,Illinois,2012,40.97,5.86,53.17
IL,Illinois,2013,43.37,3.58,53.05
IL,Illinois,2014,43.24,2.92,53.84
IL,Illinois,2015,38.09,5.78,56.13
IL,Illinois,2016,31.73,9.5,58.78
IL,Illinois,2017,31.62,8.32,60.06
IL,Illinois,2018,31.76,9.32,58.92
IL,Illinois,2019,26.48,11.75,61.77
IL,Illinois,2020,18.04,14.34,67.62
IL,Illinois,2021,23.87,11.56,64.57
IL,Illinois,2022,21.93,10.86,67.21
IL,Illinois,2023,15.3,16.18,68.52
IL,Illinois,2024,14.59,16.42,68.99
IN,Indiana,1990,95.57,3.96,0.47
IN,Indiana,1991,95.56,4.01,0.42
IN,Indiana,1992,95.64,3.77,0.59
IN,Indiana,1993,96.18,3.36,0.46
IN,Indiana,1994,96.02,3.56,0.41
IN,Indiana,1995,95.91,3.59,0.51
IN,Indiana,1996,95.95,3.55,0.5
IN,Indiana,1997,95.92,3.48,0.6
IN,Indiana,1998,95.19,4.3,0.51
IN,Indiana,1999,94.63,4.93,0.44
IN,Indiana,2000,95.04,4.4,0.56
IN,Indiana,2001,94.71,4.73,0.56
IN,Indiana,2002,93.68,5.9,0.42
IN,Indiana,2003,94.66,4.9,0.44
IN,Indiana,2004,94.83,4.71,0.46
IN,Indiana,2005,94.53,5.08,0.39
IN,Indiana,2006,95.07,4.38,0.55
IN,Indiana,2007,94.28,5.2,0.52
IN,Indiana,2008,94.49,4.78,0.73
IN,Indiana,2009,93.11,4.99,1.9
IN,Indiana,2010,90.01,7.03,2.96
IN,Indiana,2011,85.54,11.15,3.31
IN,Indiana,2012,80.86,15.66,3.48
IN,Indiana,2013,84.28,11.84,3.89
IN,Indiana,2014,84.82,11.39,3.79
IN,Indiana,2015,75.51,19.18,5.31
IN,Indiana,2016,71.53,22.56,5.9
IN,Indiana,2017,73.4,20.37,6.23
IN,Indiana,2018,68.46,25.87,5.67
IN,Indiana,2019,59.47,33.43,7.1
IN,Indiana,2020,53.33,38.45,8.22
IN,Indiana,2021,58.12,32.01,9.87
IN,Indiana,2022,52.65,35.23,12.12
IN,Indiana,2023,45.7,41.55,12.75
IN,Indiana,2024,41.96,43.58,14.46
KS,Kansas,1990,69.39,7.54,23.07
KS,Kansas,1991,71.82,10.19,17.99
KS,Kansas,1992,69.06,4.44,26.5
KS,Kansas,1993,72.94,5.55,21.51
KS,Kansas,1994,70.41,6.89,22.7
KS,Kansas,1995,67.4,6.38,26.22
KS,Kansas,1996,74.46,4.97,20.57
KS,Kansas,1997,71.83,5.9,22.27
KS,Kansas,1998,67.39,7.55,25.06
KS,Kansas,1999,70.48,7.73,21.79
KS,Kansas,2000,72.53,7.21,20.25
KS,Kansas,2001,70.99,5.74,23.27
KS,Kansas,2002,74.95,4.87,20.18
KS,Kansas,2003,75.4,4.7,19.9
KS,Kansas,2004,73.94,3.6,22.45
KS,Kansas,2005,75.18,4.63,20.19
KS,Kansas,2006,73.11,4.15,22.74
KS,Kansas,2007,72.32,4.67,23.01
KS,Kansas,2008,72.92,5.06,22.02
KS,Kansas,2009,69.08,5.98,24.95
KS,Kansas,2010,67.83,4.99,27.19
KS,Kansas,2011,69.79,5.71,24.5
KS,Kansas,2012,62.99,6.51,30.5
KS,Kansas,2013,61.41,4.19,34.4
KS,Kansas,2014,57.82,3.01,39.17
KS,Kansas,2015,54.02,2.69,43.3
KS,Kansas,2016,48.52,4.32,47.16
KS,Kansas,2017,38.07,4.32,57.61
KS,Kansas,2018,39.6,5.91,54.49
KS,Kansas,2019,34.03,6.1,59.87
KS,Kansas,2020,31.1,5.28,63.63
KS,Kansas,2021,34.25,4.96,60.78
KS,Kansas,2022,32.52,5.05,62.43
KS,Kansas,2023,27.87,7.58,64.56
KS,Kansas,2024,22.67,9.39,67.94
KY,Kentucky,1990,95.52,0.2,4.28
KY,Kentucky,1991,94.98,0.18,4.84
KY,Kentucky,1992,94.99,0.14,4.87
KY,Kentucky,1993,96.15,0.14,3.71
KY,Kentucky,1994,95.01,0.22,4.77
KY,Kentucky,1995,95.79,0.23,3.98
KY,Kentucky,1996,95.72,0.32,3.96
KY,Kentucky,1997,95.96,0.33,3.71
KY,Kentucky,1998,95.5,1.06,3.44
KY,Kentucky,1999,96.59,0.64,2.77
KY,Kentucky,2000,96.84,0.65,2.51
KY,Kentucky,2001,95.16,0.79,4.05
KY,Kentucky,2002,90.41,4.82,4.77
KY,Kentucky,2003,91.67,3.7,4.63
KY,Kentucky,2004,91.12,4.45,4.43
KY,Kentucky,2005,91.08,5.46,3.46
KY,Kentucky,2006,92.33,4.58,3.09
KY,Kentucky,2007,93.08,4.72,2.2
KY,Kentucky,2008,93.63,3.94,2.43
KY,Kentucky,2009,92.74,3.2,4.06
KY,Kentucky,2010,92.72,4.2,3.08
KY,Kentucky,2011,93.2,3.34,3.46
KY,Kentucky,2012,92.02,4.99,3.0
KY,Kentucky,2013,92.84,3.15,4.01
KY,Kentucky,2014,92.03,4.02,3.95
KY,Kentucky,2015,86.98,8.42,4.6
KY,Kentucky,2016,83.29,11.78,4.93
KY,Kentucky,2017,78.26,14.87,6.86
KY,Kentucky,2018,75.14,18.65,6.21
KY,Kentucky,2019,72.07,21.45,6.48
KY,Kentucky,2020,68.75,22.75,8.5
KY,Kentucky,2021,71.4,20.96,7.64
KY,Kentucky,2022,68.1,24.63,7.27
KY,Kentucky,2023,68.83,24.0,7.17
KY,Kentucky,2024,66.97,25.88,7.15
LA,Louisiana,1990,23.75,53.41,22.84
LA,Louisiana,1991,25.85,50.93,23.23
LA,Louisiana,1992,27.3,53.95,18.75
LA,Louisiana,1993,24.8,51.81,23.39
LA,Louisiana,1994,25.62,53.57,20.81
LA,Louisiana,1995,22.62,54.41,22.97
LA,Louisiana,1996,24.15,50.5,25.35
LA,Louisiana,1997,25.42,53.18,21.4
LA,Louisiana,1998,23.26,53.94,22.79
LA,Louisiana,1999,23.66,57.61,18.73
LA,Louisiana,2000,25.42,53.89,20.69
LA,Louisiana,2001,25.25,50.87,23.88
LA,Louisiana,2002,23.38,54.35,22.27
LA,Louisiana,2003,24.34,54.29,21.37
LA,Louisiana,2004,24.29,54.01,21.71
LA,Louisiana,2005,25.08,53.88,21.04
LA,Louisiana,2006,27.04,50.33,22.63
LA,Louisiana,2007,25.08,52.2,22.72
LA,Louisiana,2008,26.2,52.99,20.81
LA,Louisiana,2009,25.48,52.01,22.51
LA,Louisiana,2010,23.38,54.91,21.71
LA,Louisiana,2011,23.44,57.42,19.13
LA,Louisiana,2012,20.79,60.99,18.22
LA,Louisiana,2013,20.57,58.92,20.51
LA,Louisiana,2014,18.54,61.04,20.43
LA,Louisiana,2015,14.17,68.07,17.76
LA,Louisiana,2016,11.28,68.89,19.83
LA,Louisiana,2017,12.69,67.69,19.63
LA,Louisiana,2018,11.61,67.75,20.63
LA,Louisiana,2019,7.45,74.88,17.67
LA,Louisiana,2020,3.91,75.81,20.27
LA,Louisiana,2021,8.02,70.95,21.03
LA,Louisiana,2022,7.8,73.73,18.47
LA,Louisiana,2023,4.97,79.41,15.62
LA,Louisiana,2024,3.73,77.4,18.87
MA,Massachusetts,1990,28.08,52.46,19.46
MA,Massachusetts,1991,28.78,54.01,17.21
MA,Massachusetts,1992,27.16,54.51,18.33
MA,Massachusetts,1993,26.3,54.67,19.03
MA,Massachusetts,1994,26.75,55.51,17.74
MA,Massachusetts,1995,27.82,53.01,19.18
MA,Massachusetts,1996,29.99,47.77,22.23
MA,Massachusetts,1997,27.56,55.97,16.47
MA,Massachusetts,1998,24.27,56.69,19.04
MA,Massachusetts,1999,27.21,54.44,18.34
MA,Massachusetts,2000,28.31,49.42,22.27
MA,Massachusetts,2001,28.77,52.6,18.63
MA,Massachusetts,2002,27.33,53.86,18.81
MA,Massachusetts,2003,22.66,62.15,15.19
MA,Massachusetts,2004,22.3,60.39,17.3
MA,Massachusetts,2005,25.49,58.04,16.47
MA,Massachusetts,2006,24.54,56.47,18.99
MA,Massachusetts,2007,25.5,59.32,15.18
MA,Massachusetts,2008,24.99,55.54,19.47
MA,Massachusetts,2009,23.3,56.49,20.2
MA,Massachusetts,2010,19.6,61.07,19.32
MA,Massachusetts,2011,10.78,69.45,19.77
MA,Massachusetts,2012,6.1,70.9,22.99
MA,Massachusetts,2013,12.23,66.86,20.91
MA,Massachusetts,2014,9.1,63.53,27.37
MA,Massachusetts,2015,7.11,68.74,24.15
MA,Massachusetts,2016,5.93,68.25,25.81
MA,Massachusetts,2017,3.57,70.45,25.98
MA,Massachusetts,2018,0.0,70.35,29.65
MA,Massachusetts,2019,0.0,73.71,26.29
MA,Massachusetts,2020,0.0,80.28,19.72
MA,Massachusetts,2021,0.0,79.52,20.48
MA,Massachusetts,2022,0.0,80.66,19.34
MA,Massachusetts,2023,0.0,77.67,22.33
MA,Massachusetts,2024,0.0,79.97,20.03
MD,Maryland,1990,70.89,16.83,12.27
MD,Maryland,1991,57.3,15.24,27.45
MD,Maryland,1992,57.92,10.52,31.55
MD,Maryland,1993,55.87,12.03,32.1
MD,Maryland,1994,56.52,13.12,30.36
MD,Maryland,1995,59.52,8.01,32.47
MD,Maryland,1996,60.49,6.48,33.03
MD,Maryland,1997,59.14,7.58,33.28
MD,Maryland,1998,57.83,10.91,31.25
MD,Maryland,1999,57.44,12.53,30.03
MD,Maryland,2000,57.58,10.39,32.02
MD,Maryland,2001,58.14,10.7,31.16
MD,Maryland,2002,59.79,10.41,29.8
MD,Maryland,2003,57.61,9.8,32.59
MD,Maryland,2004,56.4,9.45,34.15
MD,Maryland,2005,55.96,11.52,32.52
MD,Maryland,2006,60.45,5.52,34.04
MD,Maryland,2007,59.5,7.22,33.28
MD,Maryland,2008,57.82,5.51,36.68
MD,Maryland,2009,55.52,5.44,39.04
MD,Maryland,2010,54.61,7.92,37.46
MD,Maryland,2011,50.72,6.49,42.79
MD,Maryland,2012,43.14,13.85,43.01
MD,Maryland,2013,43.71,8.66,47.63
MD,Maryland,2014,46.92,7.91,45.17
MD,Maryland,2015,38.63,13.28,48.09
MD,Maryland,2016,37.53,15.15,47.32
MD,Maryland,2017,25.2,20.22,54.58
MD,Maryland,2018,23.15,32.45,44.4
MD,Maryland,2019,14.67,37.62,47.71
MD,Maryland,2020,9.41,39.66,50.93
MD,Maryland,2021,13.67,37.11,49.22
MD,Maryland,2022,12.59,38.25,49.16
MD,Maryland,2023,4.79,43.15,52.06
MD,Maryland,2024,7.03,40.25,52.72
ME,Maine,1990,2.84,19.64,77.52
ME,Maine,1991,4.95,12.69,82.36
ME,Maine,1992,3.57,14.1,82.33
ME,Maine,1993,3.52,12.03,84.46
ME,Maine,1994,4.11,11.46,84.43
ME,Maine,1995,5.54,20.94,73.52
ME,Maine,1996,3.41,11.18,85.41
ME,Maine,1997,5.92,24.13,69.94
ME,Maine,1998,5.35,28.66,65.99
ME,Maine,1999,3.9,37.85,58.25
ME,Maine,2000,4.67,42.01,53.31
ME,Maine,2001,2.76,63.46,33.78
ME,Maine,2002,2.73,66.52,30.75
ME,Maine,2003,2.04,61.42,36.55
ME,Maine,2004,1.94,60.14,37.93
ME,Maine,2005,1.73,54.16,44.11
ME,Maine,2006,1.95,47.95,50.1
ME,Maine,2007,2.38,47.38,50.24
ME,Maine,2008,2.1,47.16,50.75
ME,Maine,2009,0.45,48.65,50.9
ME,Maine,2010,0.52,51.79,47.69
ME,Maine,2011,0.35,45.27,54.38
ME,Maine,2012,0.31,42.15,57.54
ME,Maine,2013,0.46,37.51,62.03
ME,Maine,2014,0.62,36.2,63.18
ME,Maine,2015,0.81,30.7,68.49
ME,Maine,2016,0.63,32.41,66.96
ME,Maine,2017,0.63,21.8,77.57
ME,Maine,2018,0.65,23.1,76.25
ME,Maine,2019,0.7,18.05,81.25
ME,Maine,2020,0.57,20.07,79.36
ME,Maine,2021,0.47,31.76,67.77
ME,Maine,2022,0.34,35.36,64.3
ME,Maine,2023,0.35,33.03,66.61
ME,Maine,2024,0.2,44.93,54.87
MI,Michigan,1990,66.56,8.97,24.46
MI,Michigan,1991,62.65,8.78,28.57
MI,Michigan,1992,65.94,10.83,23.23
MI,Michigan,1993,59.72,10.07,30.21
MI,Michigan,1994,70.4,11.37,18.23
MI,Michigan,1995,62.13,11.49,26.38
MI,Michigan,1996,59.89,12.43,27.68
MI,Michigan,1997,62.51,13.11,24.37
MI,Michigan,1998,69.51,14.07,16.43
MI,Michigan,1999,67.59,14.4,18.02
MI,Michigan,2000,64.85,13.11,22.04
MI,Michigan,2001,60.5,12.35,27.15
MI,Michigan,2002,56.22,14.3,29.48
MI,Michigan,2003,60.49,11.1,28.41
MI,Michigan,2004,57.5,13.45,29.05
MI,Michigan,2005,57.56,12.29,30.15
MI,Michigan,2006,59.96,10.81,29.22
MI,Michigan,2007,58.94,11.75,29.3
MI,Michigan,2008,60.42,8.93,30.65
MI,Michigan,2009,65.72,8.87,25.41
MI,Michigan,2010,58.45,11.52,30.03
MI,Michigan,2011,53.71,12.39,33.9
MI,Michigan,2012,48.96,20.63,30.42
MI,Michigan,2013,53.12,13.05,33.83
MI,Michigan,2014,49.39,13.72,36.9
MI,Michigan,2015,46.77,19.53,33.71
MI,Michigan,2016,36.0,28.19,35.81
MI,Michigan,2017,37.28,25.64,37.09
MI,Michigan,2018,36.4,29.07,34.53
MI,Michigan,2019,31.85,31.6,36.55
MI,Michigan,2020,26.05,35.72,38.23
MI,Michigan,2021,31.92,28.31,39.77
MI,Michigan,2022,29.17,37.28,33.55
MI,Michigan,2023,19.41,46.81,33.77
MI,Michigan,2024,20.58,46.51,32.91
MN,Minnesota,1990,65.42,2.29,32.29
MN,Minnesota,1991,63.57,3.29,33.14
MN,Minnesota,1992,63.84,3.22,32.94
MN,Minnesota,1993,65.06,2.61,32.33
MN,Minnesota,1994,64.07,2.88,33.05
MN,Minnesota,1995,62.13,3.38,34.5
MN,Minnesota,1996,64.12,3.24,32.64
MN,Minnesota,1997,66.15,3.72,30.13
MN,Minnesota,1998,66.24,4.71,29.05
MN,Minnesota,1999,62.22,4.38,33.4
MN,Minnesota,2000,65.63,3.38,30.99
MN,Minnesota,2001,65.96,3.78,30.26
MN,Minnesota,2002,64.68,4.28,31.04
MN,Minnesota,2003,65.16,4.97,29.88
MN,Minnesota,2004,65.29,4.3,30.4
MN,Minnesota,2005,62.53,6.61,30.86
MN,Minnesota,2006,62.47,5.77,31.76
MN,Minnesota,2007,59.44,7.89,32.67
MN,Minnesota,2008,58.32,5.74,35.95
MN,Minnesota,2009,56.18,5.62,38.2
MN,Minnesota,2010,52.58,8.19,39.24
MN,Minnesota,2011,53.56,6.42,40.01
MN,Minnesota,2012,43.4,13.59,43.01
MN,Minnesota,2013,46.17,12.42,41.41
MN,Minnesota,2014,49.39,6.95,43.66
MN,Minnesota,2015,43.64,13.11,43.25
MN,Minnesota,2016,39.29,15.17,45.55
MN,Minnesota,2017,39.04,11.56,49.4
MN,Minnesota,2018,38.38,14.08,47.54
MN,Minnesota,2019,30.16,21.44,48.39
MN,Minnesota,2020,24.99,21.08,53.93
MN,Minnesota,2021,26.77,21.9,51.33
MN,Minnesota,2022,27.55,14.79,57.67
MN,Minnesota,2023,22.46,24.36,53.19
MN,Minnesota,2024,19.61,27.3,53.09
MO,Missouri,1990,82.16,0.68,17.16
MO,Missouri,1991,79.66,2.0,18.34
MO,Missouri,1992,82.65,0.56,16.79
MO,Missouri,1993,76.42,2.01,21.57
MO,Missouri,1994,78.91,1.83,19.26
MO,Missouri,1995,81.87,2.64,15.48
MO,Missouri,1996,84.19,0.79,15.02
MO,Missouri,1997,84.14,1.03,14.83
MO,Missouri,1998,83.34,2.11,14.55
MO,Missouri,1999,83.2,2.6,14.2
MO,Missouri,2000,81.92,4.18,13.9
MO,Missouri,2001,82.44,5.66,11.91
MO,Missouri,2002,82.98,5.01,12.0
MO,Missouri,2003,84.95,3.19,11.86
MO,Missouri,2004,85.83,3.5,10.66
MO,Missouri,2005,85.4,4.45,10.14
MO,Missouri,2006,84.57,4.14,11.29
MO,Missouri,2007,82.75,5.56,11.69
MO,Missouri,2008,81.29,5.81,12.9
MO,Missouri,2009,81.6,4.0,14.4
MO,Missouri,2010,82.11,5.28,12.61
MO,Missouri,2011,82.66,4.88,12.45
MO,Missouri,2012,79.32,6.81,13.88
MO,Missouri,2013,83.34,4.89,11.77
MO,Missouri,2014,82.48,4.73,12.79
MO,Missouri,2015,78.48,5.64,15.88
MO,Missouri,2016,76.92,7.79,15.29
MO,Missouri,2017,79.9,6.23,13.87
MO,Missouri,2018,74.49,8.41,17.1
MO,Missouri,2019,71.45,9.97,18.58
MO,Missouri,2020,71.3,10.53,18.17
MO,Missouri,2021,75.2,8.21,16.59
MO,Missouri,2022,66.71,10.5,22.79
MO,Missouri,2023,60.44,14.07,25.49
MO,Missouri,2024,58.19,13.86,27.95
MS,Mississippi,1990,37.8,26.42,35.78
MS,Mississippi,1991,33.97,23.63,42.4
MS,Mississippi,1992,33.87,22.26,43.87
MS,Mississippi,1993,34.23,27.77,37.99
MS,Mississippi,1994,31.21,29.12,39.68
MS,Mississippi,1995,32.18,33.67,34.15
MS,Mississippi,1996,38.55,26.76,34.68
MS,Mississippi,1997,37.25,25.83,36.92
MS,Mississippi,1998,34.23,34.88,30.89
MS,Mississippi,1999,37.43,34.26,28.31
MS,Mississippi,2000,36.89,30.21,32.9
MS,Mississippi,2001,35.92,42.84,21.25
MS,Mississippi,2002,34.63,39.73,25.64
MS,Mississippi,2003,42.55,27.75,29.7
MS,Mississippi,2004,40.03,33.06,26.91
MS,Mississippi,2005,36.92,37.34,25.74
MS,Mississippi,2006,39.18,34.94,25.88
MS,Mississippi,2007,34.79,43.52,21.69
MS,Mississippi,2008,34.62,43.0,22.38
MS,Mississippi,2009,26.61,47.87,25.51
MS,Mississippi,2010,25.02,54.52,20.46
MS,Mississippi,2011,18.85,58.18,22.97
MS,Mississippi,2012,13.21,70.66,16.13
MS,Mississippi,2013,16.48,60.2,23.32
MS,Mississippi,2014,19.49,59.18,21.33
MS,Mississippi,2015,9.88,69.7,20.42
MS,Mississippi,2016,8.5,79.7,11.8
MS,Mississippi,2017,7.75,77.3,14.95
MS,Mississippi,2018,8.32,78.0,13.68
MS,Mississippi,2019,6.69,73.98,19.33
MS,Mississippi,2020,6.9,80.61,12.49
MS,Mississippi,2021,8.17,71.81,20.03
MS,Mississippi,2022,8.34,76.32,15.35
MS,Mississippi,2023,5.54,75.65,18.81
MS,Mississippi,2024,4.31,77.62,18.07
MT,Montana,1990,58.09,0.32,41.59
MT,Montana,1991,57.55,0.18,42.27
MT,Montana,1992,67.39,0.2,32.41
MT,Montana,1993,58.99,0.24,40.77
MT,Montana,1994,66.83,0.37,32.8
MT,Montana,1995,57.52,0.87,41.61
MT,Montana,1996,46.44,1.96,51.6
MT,Montana,1997,51.13,1.81,47.07
MT,Montana,1998,58.98,1.8,39.22
MT,Montana,1999,54.09,1.76,44.15
MT,Montana,2000,61.25,2.2,36.56
MT,Montana,2001,70.3,2.14,27.56
MT,Montana,2002,60.21,1.98,37.81
MT,Montana,2003,64.9,1.7,33.4
MT,Montana,2004,64.88,1.83,33.29
MT,Montana,2005,63.79,1.63,34.57
MT,Montana,2006,60.49,1.76,37.75
MT,Montana,2007,63.45,2.09,34.46
MT,Montana,2008,62.09,1.66,36.25
MT,Montana,2009,58.68,2.14,39.18
MT,Montana,2010,63.03,1.58,35.38
MT,Montana,2011,50.53,2.95,46.52
MT,Montana,2012,50.93,3.39,45.68
MT,Montana,2013,54.4,3.94,41.67
MT,Montana,2014,51.94,3.15,44.91
MT,Montana,2015,55.22,3.84,40.94
MT,Montana,2016,51.97,3.44,44.59
MT,Montana,2017,49.71,3.19,47.1
MT,Montana,2018,47.87,3.35,48.78
MT,Montana,2019,51.26,3.57,45.17
MT,Montana,2020,36.72,3.29,60.0
MT,Montana,2021,44.1,4.02,51.88
MT,Montana,2022,43.45,4.47,52.09
MT,Montana,2023,43.31,5.63,51.05
MT,Montana,2024,36.76,5.24,57.99
NC,North Carolina,1990,58.93,0.63,40.44
NC,North Carolina,1991,57.09,0.74,42.17
NC,North Carolina,1992,65.33,0.78,33.89
NC,North Carolina,1993,67.04,0.85,32.12
NC,North Carolina,1994,58.02,0.76,41.22
NC,North Carolina,1995,58.08,1.18,40.74
NC,North Carolina,1996,62.12,0.91,36.97
NC,North Carolina,1997,64.41,1.04,34.55
NC,North Carolina,1998,60.26,1.63,38.11
NC,North Carolina,1999,61.79,1.56,36.64
NC,North Carolina,2000,62.28,1.6,36.11
NC,North Carolina,2001,62.21,1.87,35.92
NC,North Carolina,2002,60.51,3.34,36.14
NC,North Carolina,2003,58.78,1.86,39.37
NC,North Carolina,2004,59.97,2.52,37.51
NC,North Carolina,2005,60.66,2.84,36.49
NC,North Carolina,2006,60.5,2.92,36.57
NC,North Carolina,2007,61.7,3.82,34.48
NC,North Carolina,2008,60.63,3.6,35.77
NC,North Carolina,2009,55.09,4.36,40.55
NC,North Carolina,2010,56.09,6.81,37.09
NC,North Carolina,2011,50.69,9.65,39.67
NC,North Carolina,2012,43.82,16.76,39.42
NC,North Carolina,2013,37.55,22.49,39.96
NC,North Carolina,2014,38.64,22.91,38.45
NC,North Carolina,2015,31.26,28.96,39.78
NC,North Carolina,2016,28.77,30.36,40.87
NC,North Carolina,2017,26.95,30.37,42.68
NC,North Carolina,2018,23.7,32.96,43.33
NC,North Carolina,2019,23.48,31.64,44.88
NC,North Carolina,2020,16.79,33.52,49.7
NC,North Carolina,2021,15.74,36.75,47.51
NC,North Carolina,2022,10.95,43.57,45.48
NC,North Carolina,2023,11.25,41.06,47.69
NC,North Carolina,2024,12.67,41.31,46.02
ND,North Dakota,1990,93.32,0.34,6.34
ND,North Dakota,1991,93.31,0.34,6.35
ND,North Dakota,1992,93.72,0.37,5.91
ND,North Dakota,1993,94.69,0.38,4.94
ND,North Dakota,1994,93.23,0.36,6.41
ND,North Dakota,1995,91.1,0.35,8.55
ND,North Dakota,1996,89.31,0.47,10.22
ND,North Dakota,1997,88.4,0.47,11.13
ND,North Dakota,1998,92.13,0.38,7.49
ND,North Dakota,1999,91.33,0.35,8.32
ND,North Dakota,2000,92.84,0.36,6.8
ND,North Dakota,2001,95.2,0.38,4.42
ND,North Dakota,2002,94.59,0.33,5.09
ND,North Dakota,2003,93.95,0.36,5.69
ND,North Dakota,2004,93.75,0.35,5.9
ND,North Dakota,2005,94.76,0.32,4.92
ND,North Dakota,2006,93.52,0.35,6.13
ND,North Dakota,2007,93.4,0.38,6.21
ND,North Dakota,2008,90.8,0.15,9.05
ND,North Dakota,2009,86.58,0.31,13.11
ND,North Dakota,2010,82.02,0.26,17.72
ND,North Dakota,2011,77.38,0.29,22.34
ND,North Dakota,2012,78.24,0.25,21.51
ND,North Dakota,2013,78.54,0.37,21.09
ND,North Dakota,2014,75.19,0.83,23.98
ND,North Dakota,2015,74.73,2.09,23.18
ND,North Dakota,2016,70.3,3.02,26.68
ND,North Dakota,2017,64.55,1.82,33.64
ND,North Dakota,2018,64.71,2.6,32.69
ND,North Dakota,2019,61.2,3.78,35.02
ND,North Dakota,2020,58.13,3.69,38.17
ND,North Dakota,2021,56.78,3.84,39.38
ND,North Dakota,2022,55.94,3.41,40.65
ND,North Dakota,2023,53.59,6.92,39.48
ND,North Dakota,2024,54.52,5.91,39.57
NE,Nebraska,1990,58.53,1.48,39.99
NE,Nebraska,1991,59.09,1.38,39.53
NE,Nebraska,1992,55.47,0.69,43.84
NE,Nebraska,1993,64.92,0.76,34.32
NE,Nebraska,1994,63.86,1.26,34.87
NE,Nebraska,1995,63.64,1.08,35.28
NE,Nebraska,1996,58.74,0.78,40.47
NE,Nebraska,1997,60.63,0.85,38.52
NE,Nebraska,1998,63.83,1.59,34.58
NE,Nebraska,1999,59.35,1.31,39.35
NE,Nebraska,2000,63.41,1.74,34.85
NE,Nebraska,2001,66.39,1.24,32.37
NE,Nebraska,2002,63.08,1.37,35.55
NE,Nebraska,2003,68.8,1.41,29.79
NE,Nebraska,2004,63.91,1.0,35.09
NE,Nebraska,2005,66.16,2.65,31.19
NE,Nebraska,2006,65.31,2.46,32.24
NE,Nebraska,2007,60.51,3.53,35.96
NE,Nebraska,2008,66.35,2.45,31.2
NE,Nebraska,2009,68.67,0.98,30.34
NE,Nebraska,2010,63.78,1.11,35.11
NE,Nebraska,2011,71.94,1.28,26.78
NE,Nebraska,2012,73.12,2.32,24.56
NE,Nebraska,2013,72.14,1.29,26.57
NE,Nebraska,2014,63.2,1.14,35.66
NE,Nebraska,2015,60.64,1.1,38.26
NE,Nebraska,2016,59.95,1.42,38.62
NE,Nebraska,2017,59.8,1.79,38.41
NE,Nebraska,2018,63.04,2.64,34.31
NE,Nebraska,2019,54.66,3.47,41.88
NE,Nebraska,2020,50.99,3.32,45.69
NE,Nebraska,2021,49.94,3.24,46.82
NE,Nebraska,2022,49.01,3.18,47.8
NE,Nebraska,2023,45.42,3.67,50.91
NE,Nebraska,2024,43.92,3.84,52.24
NH,New Hampshire,1990,23.85,18.92,57.23
NH,New Hampshire,1991,22.28,11.2,66.53
NH,New Hampshire,1992,21.08,9.73,69.19
NH,New Hampshire,1993,20.09,8.1,71.81
NH,New Hampshire,1994,23.63,11.4,64.96
NH,New Hampshire,1995,21.82,8.2,69.98
NH,New Hampshire,1996,19.4,5.26,75.34
NH,New Hampshire,1997,25.67,7.03,67.29
NH,New Hampshire,1998,21.84,9.18,68.98
NH,New Hampshire,1999,20.56,10.17,69.27
NH,New Hampshire,2000,26.38,4.06,69.56
NH,New Hampshire,2001,24.68,4.0,71.32
NH,New Hampshire,2002,23.42,5.47,71.1
NH,New Hampshire,2003,18.22,28.83,52.95
NH,New Hampshire,2004,17.12,30.91,51.97
NH,New Hampshire,2005,16.68,33.35,49.96
NH,New Hampshire,2006,17.66,29.29,53.05
NH,New Hampshire,2007,16.91,26.44,56.65
NH,New Hampshire,2008,15.12,31.59,53.28
NH,New Hampshire,2009,14.35,27.48,58.17
NH,New Hampshire,2010,13.92,24.56,61.52
NH,New Hampshire,2011,11.04,33.67,55.29
NH,New Hampshire,2012,6.62,36.91,56.47
NH,New Hampshire,2013,7.42,21.32,71.25
NH,New Hampshire,2014,6.73,23.99,69.28
NH,New Hampshire,2015,4.69,31.19,64.12
NH,New Hampshire,2016,2.19,24.87,72.94
NH,New Hampshire,2017,1.65,21.18,77.17
NH,New Hampshire,2018,3.88,18.6,77.52
NH,New Hampshire,2019,1.91,20.1,77.99
NH,New Hampshire,2020,0.79,22.58,76.63
NH,New Hampshire,2021,1.66,26.47,71.87
NH,New Hampshire,2022,1.63,26.44,71.93
NH,New Hampshire,2023,0.95,25.6,73.45
NH,New Hampshire,2024,1.33,26.45,72.22
NJ,New Jersey,1990,17.59,22.46,59.95
NJ,New Jersey,1991,11.99,29.33,58.68
NJ,New Jersey,1992,12.35,36.23,51.42
NJ,New Jersey,1993,11.28,35.3,53.43
NJ,New Jersey,1994,11.67,40.43,47.9
NJ,New Jersey,1995,15.86,44.23,39.91
NJ,New Jersey,1996,20.7,47.42,31.88
NJ,New Jersey,1997,21.24,42.71,36.05
NJ,New Jersey,1998,14.16,33.11,52.73
NJ,New Jersey,1999,14.17,32.51,53.33
NJ,New Jersey,2000,17.33,31.22,51.45
NJ,New Jersey,2001,15.77,31.22,53.01
NJ,New Jersey,2002,15.69,32.49,51.82
NJ,New Jersey,2003,17.17,29.07,53.76
NJ,New Jersey,2004,18.54,31.3,50.16
NJ,New Jersey,2005,19.28,27.15,53.57
NJ,New Jersey,2006,17.97,26.56,55.47
NJ,New Jersey,2007,16.35,31.01,52.64
NJ,New Jersey,2008,14.24,33.5,52.26
NJ,New Jersey,2009,8.29,34.27,57.44
NJ,New Jersey,2010,9.83,38.66,51.51
NJ,New Jersey,2011,6.47,39.7,53.83
NJ,New Jersey,2012,2.93,43.98,53.09
NJ,New Jersey,2013,3.14,42.69,54.17
NJ,New Jersey,2014,3.72,47.41,48.87
NJ,New Jersey,2015,2.37,50.64,46.99
NJ,New Jersey,2016,1.7,57.2,41.1
NJ,New Jersey,2017,1.62,50.63,47.76
NJ,New Jersey,2018,1.6,52.87,45.53
NJ,New Jersey,2019,1.48,57.89,40.64
NJ,New Jersey,2020,1.51,50.96,47.53
NJ,New Jersey,2021,1.68,48.67,49.65
NJ,New Jersey,2022,0.77,52.03,47.2
NJ,New Jersey,2023,0.0,52.1,47.9
NJ,New Jersey,2024,0.0,49.91,50.09
NM,New Mexico,1990,89.61,9.62,0.76
NM,New Mexico,1991,87.55,11.46,0.99
NM,New Mexico,1992,90.31,8.73,0.96
NM,New Mexico,1993,88.74,10.2,1.06
NM,New Mexico,1994,88.03,11.24,0.74
NM,New Mexico,1995,87.56,11.52,0.92
NM,New Mexico,1996,87.39,11.88,0.73
NM,New Mexico,1997,86.07,13.09,0.84
NM,New Mexico,1998,85.19,14.05,0.76
NM,New Mexico,1999,86.3,12.92,0.78
NM,New Mexico,2000,85.43,13.89,0.67
NM,New Mexico,2001,84.5,14.74,0.76
NM,New Mexico,2002,87.74,11.33,0.93
NM,New Mexico,2003,88.02,10.9,1.08
NM,New Mexico,2004,88.84,9.18,1.98
NM,New Mexico,2005,85.23,12.02,2.74
NM,New Mexico,2006,80.12,15.92,3.96
NM,New Mexico,2007,76.71,18.63,4.66
NM,New Mexico,2008,73.0,21.67,5.33
NM,New Mexico,2009,73.39,21.94,4.67
NM,New Mexico,2010,70.67,23.62,5.72
NM,New Mexico,2011,71.08,22.53,6.38
NM,New Mexico,2012,68.22,24.14,7.63
NM,New Mexico,2013,67.31,25.18,7.5
NM,New Mexico,2014,63.01,27.98,9.01
NM,New Mexico,2015,62.5,28.83,8.67
NM,New Mexico,2016,55.8,30.41,13.79
NM,New Mexico,2017,54.81,27.3,17.89
NM,New Mexico,2018,41.02,35.65,23.33
NM,New Mexico,2019,41.77,34.08,24.16
NM,New Mexico,2020,37.53,35.32,27.16
NM,New Mexico,2021,35.62,28.77,35.6
NM,New Mexico,2022,32.51,26.89,40.6
NM,New Mexico,2023,18.76,36.23,45.01
NM,New Mexico,2024,21.24,29.34,49.43
NV,Nevada,1990,75.08,12.47,12.45
NV,Nevada,1991,74.18,10.59,15.23
NV,Nevada,1992,70.49,15.95,13.56
NV,Nevada,1993,66.5,18.55,14.95
NV,Nevada,1994,62.57,23.67,13.76
NV,Nevada,1995,58.37,27.03,14.6
NV,Nevada,1996,57.35,28.09,14.55
NV,Nevada,1997,56.43,28.09,15.48
NV,Nevada,1998,56.07,28.56,15.37
NV,Nevada,1999,55.38,30.73,13.9
NV,Nevada,2000,53.38,35.9,10.72
NV,Nevada,2001,52.36,36.68,10.96
NV,Nevada,2002,51.15,38.27,10.58
NV,Nevada,2003,51.47,40.03,8.5
NV,Nevada,2004,48.47,43.8,7.73
NV,Nevada,2005,45.72,46.91,7.37
NV,Nevada,2006,22.77,66.56,10.68
NV,Nevada,2007,21.7,68.19,10.1
NV,Nevada,2008,22.26,68.36,9.37
NV,Nevada,2009,20.0,68.68,11.32
NV,Nevada,2010,19.91,67.45,12.64
NV,Nevada,2011,16.95,68.54,14.51
NV,Nevada,2012,11.6,73.01,15.38
NV,Nevada,2013,14.43,68.07,17.5
NV,Nevada,2014,18.2,63.86,17.94
NV,Nevada,2015,6.81,74.33,18.87
NV,Nevada,2016,5.45,72.76,21.79
NV,Nevada,2017,4.89,69.78,25.33
NV,Nevada,2018,6.27,67.4,26.32
NV,Nevada,2019,6.86,64.68,28.46
NV,Nevada,2020,4.83,66.36,28.81
NV,Nevada,2021,6.6,62.64,30.76
NV,Nevada,2022,6.42,58.36,35.22
NV,Nevada,2023,4.88,58.34,36.77
NV,Nevada,2024,5.09,54.78,40.13
NY,New York,1990,19.0,41.57,39.43
NY,New York,1991,19.66,37.86,42.48
NY,New York,1992,21.48,35.64,42.87
NY,New York,1993,19.55,33.7,46.76
NY,New York,1994,18.31,34.88,46.81
NY,New York,1995,16.56,42.67,40.77
NY,New York,1996,16.56,34.54,48.9
NY,New York,1997,16.95,38.74,44.31
NY,New York,1998,17.3,39.35,43.35
NY,New York,1999,15.85,40.31,43.84
NY,New York,2000,17.98,39.38,42.64
NY,New York,2001,16.27,38.41,45.32
NY,New York,2002,16.64,35.78,47.58
NY,New York,2003,17.12,34.45,48.42
NY,New York,2004,16.57,35.17,48.26
NY,New York,2005,14.04,38.1,47.86
NY,New York,2006,14.76,34.43,50.8
NY,New York,2007,14.69,36.94,48.37
NY,New York,2008,13.68,34.0,52.32
NY,New York,2009,9.61,33.47,56.92
NY,New York,2010,9.94,37.26,52.8
NY,New York,2011,6.88,37.95,55.17
NY,New York,2012,3.37,44.41,52.23
NY,New York,2013,3.46,40.8,55.73
NY,New York,2014,3.36,41.35,55.29
NY,New York,2015,1.72,42.58,55.7
NY,New York,2016,1.32,42.87,55.81
NY,New York,2017,0.6,37.53,61.87
NY,New York,2018,0.52,39.67,59.8
NY,New York,2019,0.32,36.75,62.93
NY,New York,2020,0.11,41.41,58.48
NY,New York,2021,0.0,45.92,54.08
NY,New York,2022,0.0,49.88,50.12
NY,New York,2023,0.0,47.66,52.34
NY,New York,2024,0.0,48.79,51.21
OH,Ohio,1990,90.51,0.53,8.96
OH,Ohio,1991,87.66,0.63,11.7
OH,Ohio,1992,88.08,0.49,11.43
OH,Ohio,1993,91.54,0.63,7.83
OH,Ohio,1994,90.44,0.71,8.84
OH,Ohio,1995,86.57,0.86,12.57
OH,Ohio,1996,89.06,0.62,10.32
OH,Ohio,1997,87.83,0.67,11.5
OH,Ohio,1998,87.35,0.83,11.82
OH,Ohio,1999,86.64,1.07,12.28
OH,Ohio,2000,86.93,0.99,12.08
OH,Ohio,2001,87.31,1.15,11.53
OH,Ohio,2002,90.56,1.61,7.84
OH,Ohio,2003,91.92,1.65,6.43
OH,Ohio,2004,86.39,2.08,11.53
OH,Ohio,2005,87.16,2.79,10.04
OH,Ohio,2006,85.83,2.63,11.54
OH,Ohio,2007,85.81,3.49,10.71
OH,Ohio,2008,85.2,2.73,12.08
OH,Ohio,2009,83.56,4.41,12.03
OH,Ohio,2010,82.06,6.15,11.79
OH,Ohio,2011,77.7,10.35,11.96
OH,Ohio,2012,65.97,19.2,14.83
OH,Ohio,2013,68.89,17.51,13.61
OH,Ohio,2014,66.82,19.21,13.97
OH,Ohio,2015,58.26,25.58,16.16
OH,Ohio,2016,57.34,26.52,16.13
OH,Ohio,2017,56.57,26.56,16.87
OH,Ohio,2018,45.9,37.57,16.52
OH,Ohio,2019,38.48,44.84,16.69
OH,Ohio,2020,36.73,45.54,17.73
OH,Ohio,2021,36.26,46.31,17.44
OH,Ohio,2022,31.66,52.19,16.15
OH,Ohio,2023,23.6,60.46,15.94
OH,Ohio,2024,21.07,61.04,17.88
OK,Oklahoma,1990,54.52,39.11,6.38
OK,Oklahoma,1991,57.77,37.77,4.45
OK,Oklahoma,1992,59.96,33.06,6.98
OK,Oklahoma,1993,59.55,31.77,8.68
OK,Oklahoma,1994,60.87,33.57,5.56
OK,Oklahoma,1995,62.17,32.01,5.82
OK,Oklahoma,1996,66.73,28.64,4.63
OK,Oklahoma,1997,68.04,26.01,5.95
OK,Oklahoma,1998,60.77,32.61,6.62
OK,Oklahoma,1999,61.32,32.61,6.07
OK,Oklahoma,2000,64.02,31.63,4.35
OK,Oklahoma,2001,62.51,32.84,4.65
OK,Oklahoma,2002,60.59,35.66,3.75
OK,Oklahoma,2003,60.3,36.22,3.49
OK,Oklahoma,2004,55.45,38.31,6.23
OK,Oklahoma,2005,52.81,41.71,5.48
OK,Oklahoma,2006,49.53,46.74,3.72
OK,Oklahoma,2007,47.2,45.68,7.12
OK,Oklahoma,2008,47.48,44.2,8.32
OK,Oklahoma,2009,45.3,46.08,8.62
OK,Oklahoma,2010,43.47,46.9,9.62
OK,Oklahoma,2011,46.12,43.95,9.93
OK,Oklahoma,2012,37.56,50.04,12.39
OK,Oklahoma,2013,40.68,40.77,18.56
OK,Oklahoma,2014,42.56,37.93,19.5
OK,Oklahoma,2015,32.64,45.01,22.35
OK,Oklahoma,2016,24.34,46.43,29.23
OK,Oklahoma,2017,23.53,41.28,35.18
OK,Oklahoma,2018,17.08,48.81,34.11
OK,Oklahoma,2019,9.05,52.47,38.48
OK,Oklahoma,2020,7.11,53.73,39.16
OK,Oklahoma,2021,13.91,41.93,44.16
OK,Oklahoma,2022,10.57,42.55,46.88
OK,Oklahoma,2023,5.82,50.67,43.51
OK,Oklahoma,2024,6.52,50.77,42.71
OR,Oregon,1990,2.62,1.68,95.7
OR,Oregon,1991,5.93,2.6,91.47
OR,Oregon,1992,8.74,3.63,87.62
OR,Oregon,1993,8.4,4.32,87.28
OR,Oregon,1994,9.97,7.4,82.63
OR,Oregon,1995,3.43,5.21,91.36
OR,Oregon,1996,3.42,7.49,89.09
OR,Oregon,1997,2.9,6.89,90.21
OR,Oregon,1998,6.6,14.24,79.16
OR,Oregon,1999,6.55,12.12,81.33
OR,Oregon,2000,7.34,17.7,74.95
OR,Oregon,2001,9.87,24.63,65.5
OR,Oregon,2002,8.03,16.62,75.35
OR,Oregon,2003,8.8,21.03,70.17
OR,Oregon,2004,6.93,26.47,66.61
OR,Oregon,2005,7.03,26.92,66.04
OR,Oregon,2006,4.45,21.11,74.44
OR,Oregon,2007,7.91,27.02,65.07
OR,Oregon,2008,6.89,29.66,63.45
OR,Oregon,2009,5.64,28.5,65.86
OR,Oregon,2010,7.49,28.42,64.09
OR,Oregon,2011,5.59,14.26,80.15
OR,Oregon,2012,4.33,19.1,76.57
OR,Oregon,2013,6.28,24.0,69.72
OR,Oregon,2014,5.31,21.15,73.53
OR,Oregon,2015,4.11,28.09,67.8
OR,Oregon,2016,3.16,25.46,71.38
OR,Oregon,2017,2.76,24.06,73.19
OR,Oregon,2018,2.3,27.98,69.72
OR,Oregon,2019,4.13,33.65,62.22
OR,Oregon,2020,2.56,29.92,67.52
OR,Oregon,2021,0.0,34.92,65.08
OR,Oregon,2022,0.0,31.1,68.9
OR,Oregon,2023,0.0,37.92,62.08
OR,Oregon,2024,0.0,38.58,61.42
PA,Pennsylvania,1990,60.44,4.72,34.84
PA,Pennsylvania,1991,61.07,4.01,34.92
PA,Pennsylvania,1992,60.6,3.54,35.87
PA,Pennsylvania,1993,59.45,5.49,35.06
PA,Pennsylvania,1994,55.11,5.88,39.0
PA,Pennsylvania,1995,56.97,5.01,38.02
PA,Pennsylvania,1996,57.69,3.86,38.45
PA,Pennsylvania,1997,59.52,3.15,37.33
PA,Pennsylvania,1998,60.74,4.71,34.55
PA,Pennsylvania,1999,57.06,4.04,38.9
PA,Pennsylvania,2000,57.52,3.49,39.0
PA,Pennsylvania,2001,56.98,3.67,39.35
PA,Pennsylvania,2002,55.76,4.9,39.34
PA,Pennsylvania,2003,56.21,5.12,38.67
PA,Pennsylvania,2004,54.6,6.77,38.62
PA,Pennsylvania,2005,55.46,7.47,37.08
PA,Pennsylvania,2006,56.02,7.14,36.85
PA,Pennsylvania,2007,54.27,9.38,36.34
PA,Pennsylvania,2008,53.0,9.14,37.86
PA,Pennsylvania,2009,48.07,13.93,37.99
PA,Pennsylvania,2010,48.07,15.17,36.76
PA,Pennsylvania,2011,44.33,18.88,36.78
PA,Pennsylvania,2012,39.09,24.19,36.72
PA,Pennsylvania,2013,39.05,22.54,38.41
PA,Pennsylvania,2014,35.78,24.61,39.61
PA,Pennsylvania,2015,30.18,28.3,41.53
PA,Pennsylvania,2016,25.45,32.07,42.47
PA,Pennsylvania,2017,22.33,34.36,43.32
PA,Pennsylvania,2018,20.48,36.02,43.5
PA,Pennsylvania,2019,16.58,43.17,40.25
PA,Pennsylvania,2020,10.21,52.82,36.98
PA,Pennsylvania,2021,12.15,52.81,35.04
PA,Pennsylvania,2022,10.01,54.78,35.22
PA,Pennsylvania,2023,5.44,59.28,35.28
PA,Pennsylvania,2024,5.4,59.84,34.76
RI,Rhode Island,1990,0.0,95.96,4.04
RI,Rhode Island,1991,0.0,97.19,2.81
RI,Rhode Island,1992,0.0,98.46,1.54
RI,Rhode Island,1993,0.0,98.2,1.8
RI,Rhode Island,1994,0.0,98.2,1.8
RI,Rhode Island,1995,0.0,98.02,1.98
RI,Rhode Island,1996,0.0,98.64,1.36
RI,Rhode Island,1997,0.0,98.55,1.45
RI,Rhode Island,1998,0.0,98.44,1.56
RI,Rhode Island,1999,0.0,98.11,1.89
RI,Rhode Island,2000,0.0,97.99,2.01
RI,Rhode Island,2001,0.0,98.58,1.42
RI,Rhode Island,2002,0.0,98.43,1.57
RI,Rhode Island,2003,0.0,98.08,1.92
RI,Rhode Island,2004,0.0,97.83,2.17
RI,Rhode Island,2005,0.0,99.89,0.11
RI,Rhode Island,2006,0.0,97.41,2.59
RI,Rhode Island,2007,0.0,97.74,2.26
RI,Rhode Island,2008,0.0,97.79,2.21
RI,Rhode Island,2009,0.0,98.06,1.94
RI,Rhode Island,2010,0.0,98.14,1.86
RI,Rhode Island,2011,0.0,98.42,1.58
RI,Rhode Island,2012,0.0,98.72,1.28
RI,Rhode Island,2013,0.0,99.08,0.92
RI,Rhode Island,2014,0.0,96.33,3.67
RI,Rhode Island,2015,0.0,96.56,3.44
RI,Rhode Island,2016,0.0,96.22,3.78
RI,Rhode Island,2017,0.0,95.16,4.84
RI,Rhode Island,2018,0.0,95.19,4.81
RI,Rhode Island,2019,0.0,93.8,6.2
RI,Rhode Island,2020,0.0,93.05,6.95
RI,Rhode Island,2021,0.0,92.83,7.17
RI,Rhode Island,2022,0.0,89.81,10.19
RI,Rhode Island,2023,0.0,91.88,8.12
RI,Rhode Island,2024,0.0,90.0,10.0
SC,South Carolina,1990,32.58,1.34,66.09
SC,South Carolina,1991,32.75,1.74,65.51
SC,South Carolina,1992,31.7,0.6,67.7
SC,South Carolina,1993,34.74,0.55,64.7
SC,South Carolina,1994,35.77,0.8,63.43
SC,South Carolina,1995,32.29,1.17,66.54
SC,South Carolina,1996,38.81,0.62,60.57
SC,South Carolina,1997,38.66,0.8,60.54
SC,South Carolina,1998,37.37,1.51,61.13
SC,South Carolina,1999,39.25,1.63,59.12
SC,South Carolina,2000,41.52,1.46,57.02
SC,South Carolina,2001,40.7,1.65,57.66
SC,South Carolina,2002,37.81,4.91,57.27
SC,South Carolina,2003,39.43,2.23,58.34
SC,South Carolina,2004,39.31,4.72,55.97
SC,South Carolina,2005,38.31,5.83,55.87
SC,South Carolina,2006,39.36,6.29,54.36
SC,South Carolina,2007,39.79,5.91,54.3
SC,South Carolina,2008,40.66,5.79,53.55
SC,South Carolina,2009,34.13,10.2,55.67
SC,South Carolina,2010,35.87,10.59,53.55
SC,South Carolina,2011,32.92,12.57,54.51
SC,South Carolina,2012,29.11,14.8,56.09
SC,South Carolina,2013,25.43,12.44,62.13
SC,South Carolina,2014,29.51,11.89,58.6
SC,South Carolina,2015,23.24,17.19,59.57
SC,South Carolina,2016,21.45,16.83,61.72
SC,South Carolina,2017,19.3,18.34,62.36
SC,South Carolina,2018,19.49,21.99,58.52
SC,South Carolina,2019,14.72,23.77,61.51
SC,South Carolina,2020,12.56,24.5,62.94
SC,South Carolina,2021,15.32,23.54,61.14
SC,South Carolina,2022,14.31,24.44,61.25
SC,South Carolina,2023,14.96,23.49,61.55
SC,South Carolina,2024,16.73,22.76,60.52
SD,South Dakota,1990,38.47,0.32,61.21
SD,South Dakota,1991,41.49,0.27,58.24
SD,South Dakota,1992,42.04,0.13,57.83
SD,South Dakota,1993,50.26,0.43,49.3
SD,South Dakota,1994,35.46,0.36,64.18
SD,South Dakota,1995,30.88,0.91,68.2
SD,South Dakota,1996,20.17,0.58,79.25
SD,South Dakota,1997,26.62,0.99,72.39
SD,South Dakota,1998,34.04,2.61,63.35
SD,South Dakota,1999,34.81,1.94,63.25
SD,South Dakota,2000,37.85,3.21,58.94
SD,South Dakota,2001,48.8,4.81,46.38
SD,South Dakota,2002,42.37,1.18,56.46
SD,South Dakota,2003,43.19,2.42,54.39
SD,South Dakota,2004,48.2,1.8,50.0
SD,South Dakota,2005,45.95,4.47,49.58
SD,South Dakota,2006,46.49,3.79,49.72
SD,South Dakota,2007,43.27,6.75,49.98
SD,South Dakota,2008,51.91,3.57,44.52
SD,South Dakota,2009,39.4,1.09,59.51
SD,South Dakota,2010,32.82,1.4,65.78
SD,South Dakota,2011,21.55,1.14,77.31
SD,South Dakota,2012,25.44,1.92,72.64
SD,South Dakota,2013,28.19,5.04,66.78
SD,South Dakota,2014,24.46,4.29,71.25
SD,South Dakota,2015,15.52,8.2,76.28
SD,South Dakota,2016,18.07,7.99,73.93
SD,South Dakota,2017,18.86,6.01,75.13
SD,South Dakota,2018,18.54,9.31,72.15
SD,South Dakota,2019,18.04,8.16,73.8
SD,South Dakota,2020,11.65,7.85,80.5
SD,South Dakota,2021,9.46,7.79,82.75
SD,South Dakota,2022,10.47,8.05,81.48
SD,South Dakota,2023,8.96,12.27,78.77
SD,South Dakota,2024,7.49,10.91,81.61
TN,Tennessee,1990,67.64,0.48,31.88
TN,Tennessee,1991,63.03,0.49,36.48
TN,Tennessee,1992,65.99,0.52,33.49
TN,Tennessee,1993,82.14,0.72,17.14
TN,Tennessee,1994,68.14,0.79,31.07
TN,Tennessee,1995,69.01,0.86,30.13
TN,Tennessee,1996,61.7,0.57,37.73
TN,Tennessee,1997,62.15,0.59,37.26
TN,Tennessee,1998,57.84,1.61,40.55
TN,Tennessee,1999,60.6,1.3,38.1
TN,Tennessee,2000,64.5,1.27,34.23
TN,Tennessee,2001,61.61,0.9,37.49
TN,Tennessee,2002,61.68,0.78,37.55
TN,Tennessee,2003,59.09,1.11,39.79
TN,Tennessee,2004,59.0,0.5,40.5
TN,Tennessee,2005,60.44,0.79,38.77
TN,Tennessee,2006,63.97,0.89,35.14
TN,Tennessee,2007,62.87,1.01,36.12
TN,Tennessee,2008,62.43,0.76,36.81
TN,Tennessee,2009,51.8,0.76,47.44
TN,Tennessee,2010,52.57,3.05,44.38
TN,Tennessee,2011,49.87,4.25,45.88
TN,Tennessee,2012,45.48,10.57,43.95
TN,Tennessee,2013,40.76,6.47,52.76
TN,Tennessee,2014,44.85,8.0,47.15
TN,Tennessee,2015,40.39,12.51,47.1
TN,Tennessee,2016,38.95,14.31,46.74
TN,Tennessee,2017,34.77,13.05,52.18
TN,Tennessee,2018,25.52,16.48,58.0
TN,Tennessee,2019,22.54,20.63,56.83
TN,Tennessee,2020,17.53,19.42,63.05
TN,Tennessee,2021,22.93,17.71,59.36
TN,Tennessee,2022,20.23,21.24,58.53
TN,Tennessee,2023,20.16,19.33,60.51
TN,Tennessee,2024,22.72,21.65,55.63
TX,Texas,1990,43.02,50.19,6.79
TX,Texas,1991,42.31,49.46,8.24
TX,Texas,1992,41.87,48.21,9.92
TX,Texas,1993,43.79,50.93,5.28
TX,Texas,1994,40.77,48.85,10.38
TX,Texas,1995,39.36,48.24,12.39
TX,Texas,1996,41.37,47.01,11.62
TX,Texas,1997,41.23,46.66,12.11
TX,Texas,1998,38.17,50.12,11.71
TX,Texas,1999,39.34,49.65,11.0
TX,Texas,2000,37.4,51.93,10.67
TX,Texas,2001,36.4,52.4,11.19
TX,Texas,2002,36.97,52.42,10.61
TX,Texas,2003,38.81,51.07,10.11
TX,Texas,2004,38.22,49.98,11.8
TX,Texas,2005,37.49,51.17,11.34
TX,Texas,2006,36.64,50.92,12.45
TX,Texas,2007,36.4,50.53,13.07
TX,Texas,2008,36.4,48.9,14.7
TX,Texas,2009,35.05,48.91,16.03
TX,Texas,2010,36.51,46.4,17.09
TX,Texas,2011,36.28,47.08,16.64
TX,Texas,2012,32.15,50.84,17.01
TX,Texas,2013,34.5,47.83,17.68
TX,Texas,2014,33.89,47.41,18.7
TX,Texas,2015,27.07,53.56,19.37
TX,Texas,2016,26.75,50.45,22.8
TX,Texas,2017,29.77,45.8,24.43
TX,Texas,2018,23.43,50.82,25.75
TX,Texas,2019,19.02,53.59,27.39
TX,Texas,2020,16.66,52.71,30.62
TX,Texas,2021,18.45,48.95,32.61
TX,Texas,2022,16.25,49.3,34.45
TX,Texas,2023,13.09,52.05,34.86
TX,Texas,2024,11.57,52.23,36.2
UT,Utah,1990,96.8,1.17,2.03
UT,Utah,1991,94.7,2.64,2.67
UT,Utah,1992,94.93,2.69,2.37
UT,Utah,1993,94.33,2.71,2.96
UT,Utah,1994,94.13,3.18,2.69
UT,Utah,1995,93.31,3.32,3.38
UT,Utah,1996,94.38,1.85,3.77
UT,Utah,1997,93.75,1.89,4.36
UT,Utah,1998,93.53,2.36,4.11
UT,Utah,1999,93.88,2.26,3.86
UT,Utah,2000,94.23,3.29,2.48
UT,Utah,2001,93.95,4.19,1.86
UT,Utah,2002,94.22,3.92,1.86
UT,Utah,2003,94.63,3.72,1.64
UT,Utah,2004,95.84,2.47,1.7
UT,Utah,2005,94.26,3.19,2.55
UT,Utah,2006,89.33,8.36,2.31
UT,Utah,2007,81.93,16.45,1.62
UT,Utah,2008,81.88,16.03,2.09
UT,Utah,2009,81.94,15.01,3.05
UT,Utah,2010,80.94,15.55,3.51
UT,Utah,2011,81.48,13.14,5.39
UT,Utah,2012,78.43,16.87,4.7
UT,Utah,2013,80.94,15.66,3.39
UT,Utah,2014,76.44,19.24,4.33
UT,Utah,2015,75.65,19.71,4.64
UT,Utah,2016,68.4,23.15,8.45
UT,Utah,2017,70.87,15.91,13.22
UT,Utah,2018,66.19,22.39,11.42
UT,Utah,2019,64.84,24.21,10.95
UT,Utah,2020,61.71,25.72,12.57
UT,Utah,2021,62.2,25.3,12.5
UT,Utah,2022,57.06,28.39,14.55
UT,Utah,2023,46.71,35.53,17.76
UT,Utah,2024,45.64,33.38,20.98
VA,Virginia,1990,44.76,4.82,50.42
VA,Virginia,1991,44.51,7.32,48.17
VA,Virginia,1992,46.0,7.59,46.41
VA,Virginia,1993,47.42,11.09,41.49
VA,Virginia,1994,42.35,12.06,45.59
VA,Virginia,1995,44.69,11.03,44.28
VA,Virginia,1996,47.96,7.69,44.35
VA,Virginia,1997,49.24,6.7,44.06
VA,Virginia,1998,47.67,9.79,42.53
VA,Virginia,1999,47.18,10.65,42.17
VA,Virginia,2000,50.63,9.67,39.7
VA,Virginia,2001,49.73,12.72,37.55
VA,Virginia,2002,49.75,10.69,39.56
VA,Virginia,2003,48.58,13.62,37.8
VA,Virginia,2004,44.81,14.57,40.63
VA,Virginia,2005,44.34,15.72,39.93
VA,Virginia,2006,46.49,10.92,42.58
VA,Virginia,2007,44.55,16.35,39.1
VA,Virginia,2008,43.01,14.17,42.83
VA,Virginia,2009,36.06,18.72,45.23
VA,Virginia,2010,34.38,24.7,40.91
VA,Virginia,2011,29.38,27.83,42.79
VA,Virginia,2012,19.78,35.42,44.8
VA,Virginia,2013,27.26,29.59,43.15
VA,Virginia,2014,26.71,28.34,44.95
VA,Virginia,2015,20.28,40.47,39.26
VA,Virginia,2016,17.69,44.44,37.87
VA,Virginia,2017,11.73,49.15,39.13
VA,Virginia,2018,9.62,53.06,37.32
VA,Virginia,2019,3.51,59.81,36.68
VA,Virginia,2020,3.63,60.68,35.68
VA,Virginia,2021,3.46,57.4,39.14
VA,Virginia,2022,3.7,54.67,41.63
VA,Virginia,2023,1.54,55.13,43.33
VA,Virginia,2024,1.9,58.96,39.14
VT,Vermont,1990,0.0,1.31,98.69
VT,Vermont,1991,0.0,1.87,98.13
VT,Vermont,1992,0.0,1.35,98.65
VT,Vermont,1993,0.0,0.55,99.45
VT,Vermont,1994,0.0,0.22,99.78
VT,Vermont,1995,0.0,0.39,99.61
VT,Vermont,1996,0.0,0.07,99.93
VT,Vermont,1997,0.0,0.2,99.8
VT,Vermont,1998,0.0,0.87,99.13
VT,Vermont,1999,0.0,0.76,99.24
VT,Vermont,2000,0.0,2.76,97.24
VT,Vermont,2001,0.0,0.78,99.22
VT,Vermont,2002,0.0,0.23,99.77
VT,Vermont,2003,0.0,0.41,99.59
VT,Vermont,2004,0.0,0.38,99.62
VT,Vermont,2005,0.0,0.22,99.78
VT,Vermont,2006,0.0,0.13,99.87
VT,Vermont,2007,0.0,0.17,99.83
VT,Vermont,2008,0.0,0.1,99.9
VT,Vermont,2009,0.0,0.09,99.91
VT,Vermont,2010,0.0,0.13,99.87
VT,Vermont,2011,0.0,0.17,99.83
VT,Vermont,2012,0.0,0.09,99.91
VT,Vermont,2013,0.0,0.12,99.88
VT,Vermont,2014,0.0,0.11,99.89
VT,Vermont,2015,0.0,0.23,99.77
VT,Vermont,2016,0.0,0.31,99.69
VT,Vermont,2017,0.0,0.42,99.58
VT,Vermont,2018,0.0,0.23,99.77
VT,Vermont,2019,0.0,0.13,99.87
VT,Vermont,2020,0.0,0.17,99.83
VT,Vermont,2021,0.0,0.23,99.77
VT,Vermont,2022,0.0,0.31,99.69
VT,Vermont,2023,0.0,0.16,99.84
VT,Vermont,2024,0.0,0.18,99.82
WA,Washington,1990,7.24,0.33,92.43
WA,Washington,1991,7.72,0.57,91.7
WA,Washington,1992,11.17,1.77,87.06
WA,Washington,1993,10.04,3.95,86.0
WA,Washington,1994,11.1,5.83,83.07
WA,Washington,1995,5.78,5.5,88.73
WA,Washington,1996,6.8,4.38,88.82
WA,Washington,1997,5.72,2.85,91.43
WA,Washington,1998,9.12,4.68,86.2
WA,Washington,1999,7.42,3.4,89.18
WA,Washington,2000,8.73,7.79,83.48
WA,Washington,2001,10.94,11.68,77.37
WA,Washington,2002,8.43,4.97,86.6
WA,Washington,2003,11.09,7.45,81.47
WA,Washington,2004,10.19,8.65,81.16
WA,Washington,2005,10.3,8.8,80.9
WA,Washington,2006,5.9,7.29,86.81
WA,Washington,2007,8.01,7.17,84.83
WA,Washington,2008,7.91,9.14,82.95
WA,Washington,2009,7.17,11.76,81.08
WA,Washington,2010,8.25,10.34,81.41
WA,Washington,2011,4.54,4.51,90.95
WA,Washington,2012,3.23,5.03,91.74
WA,Washington,2013,5.91,10.4,83.69
WA,Washington,2014,5.78,9.83,84.39
WA,Washington,2015,4.63,12.33,83.04
WA,Washington,2016,4.04,10.0,85.96
WA,Washington,2017,4.74,9.69,85.57
WA,Washington,2018,4.61,9.42,85.97
WA,Washington,2019,6.74,15.11,78.15
WA,Washington,2020,4.46,12.35,83.2
WA,Washington,2021,2.83,15.22,81.95
WA,Washington,2022,3.06,12.72,84.22
WA,Washington,2023,4.05,19.12,76.84
WA,Washington,2024,2.78,17.95,79.27
WI,Wisconsin,1990,69.44,1.1,29.46
WI,Wisconsin,1991,69.87,1.11,29.02
WI,Wisconsin,1992,69.2,1.09,29.71
WI,Wisconsin,1993,68.77,1.49,29.74
WI,Wisconsin,1994,69.67,1.98,28.35
WI,Wisconsin,1995,70.64,2.58,26.77
WI,Wisconsin,1996,72.16,2.22,25.62
WI,Wisconsin,1997,81.64,3.57,14.79
WI,Wisconsin,1998,72.68,5.27,22.05
WI,Wisconsin,1999,70.26,4.7,25.04
WI,Wisconsin,2000,70.93,4.5,24.57
WI,Wisconsin,2001,70.4,4.58,25.03
WI,Wisconsin,2002,68.3,4.29,27.42
WI,Wisconsin,2003,69.58,4.92,25.49
WI,Wisconsin,2004,69.86,5.31,24.83
WI,Wisconsin,2005,67.63,11.56,20.81
WI,Wisconsin,2006,65.2,10.13,24.67
WI,Wisconsin,2007,63.25,11.85,24.9
WI,Wisconsin,2008,65.78,9.74,24.48
WI,Wisconsin,2009,62.24,10.35,27.41
WI,Wisconsin,2010,62.52,9.67,27.81
WI,Wisconsin,2011,63.16,10.79,26.05
WI,Wisconsin,2012,51.45,18.63,29.92
WI,Wisconsin,2013,61.68,12.76,25.56
WI,Wisconsin,2014,61.39,13.72,24.89
WI,Wisconsin,2015,56.08,20.52,23.4
WI,Wisconsin,2016,51.39,24.06,24.55
WI,Wisconsin,2017,55.09,21.2,23.71
WI,Wisconsin,2018,50.57,25.7,23.73
WI,Wisconsin,2019,41.98,32.64,25.38
WI,Wisconsin,2020,38.69,35.99,25.32
WI,Wisconsin,2021,42.71,33.72,23.57
WI,Wisconsin,2022,35.81,38.31,25.88
WI,Wisconsin,2023,33.76,41.17,25.07
WI,Wisconsin,2024,31.82,40.32,27.86
WV,West Virginia,1990,97.63,0.74,1.63
WV,West Virginia,1991,97.88,0.67,1.45
WV,West Virginia,1992,97.6,0.71,1.69
WV,West Virginia,1993,97.62,0.89,1.49
WV,West Virginia,1994,97.79,0.8,1.41
WV,West Virginia,1995,97.74,0.78,1.48
WV,West Virginia,1996,97.68,0.69,1.63
WV,West Virginia,1997,98.16,0.59,1.24
WV,West Virginia,1998,98.27,0.56,1.17
WV,West Virginia,1999,98.56,0.46,0.98
WV,West Virginia,2000,98.21,0.54,1.25
WV,West Virginia,2001,98.03,0.79,1.18
WV,West Virginia,2002,98.11,0.75,1.14
WV,West Virginia,2003,97.65,0.73,1.62
WV,West Virginia,2004,97.6,0.75,1.65
WV,West Virginia,2005,97.65,0.64,1.71
WV,West Virginia,2006,97.51,0.63,1.86
WV,West Virginia,2007,97.8,0.69,1.51
WV,West Virginia,2008,97.8,0.4,1.8
WV,West Virginia,2009,96.18,0.44,3.37
WV,West Virginia,2010,96.73,0.41,2.86
WV,West Virginia,2011,96.16,0.6,3.25
WV,West Virginia,2012,95.71,0.57,3.72
WV,West Virginia,2013,95.28,0.59,4.12
WV,West Virginia,2014,95.63,1.04,3.33
WV,West Virginia,2015,94.14,2.04,3.83
WV,West Virginia,2016,94.15,1.81,4.04
WV,West Virginia,2017,93.16,2.29,4.55
WV,West Virginia,2018,92.24,2.38,5.38
WV,West Virginia,2019,91.01,3.77,5.22
WV,West Virginia,2020,88.6,5.23,6.17
WV,West Virginia,2021,90.61,4.32,5.07
WV,West Virginia,2022,89.48,4.05,6.47
WV,West Virginia,2023,85.65,7.41,6.94
WV,West Virginia,2024,85.17,7.8,7.03
WY,Wyoming,1990,97.44,0.82,1.74
WY,Wyoming,1991,97.02,0.98,2.0
WY,Wyoming,1992,97.53,0.96,1.51
WY,Wyoming,1993,97.0,1.07,1.93
WY,Wyoming,1994,96.8,1.07,2.13
WY,Wyoming,1995,97.01,1.0,1.99
WY,Wyoming,1996,95.94,1.09,2.97
WY,Wyoming,1997,95.56,1.1,3.34
WY,Wyoming,1998,96.1,0.93,2.97
WY,Wyoming,1999,96.28,1.01,2.71
WY,Wyoming,2000,95.94,1.29,2.77
WY,Wyoming,2001,95.79,1.42,2.79
WY,Wyoming,2002,95.92,1.72,2.36
WY,Wyoming,2003,97.05,0.75,2.2
WY,Wyoming,2004,96.97,0.33,2.71
WY,Wyoming,2005,95.26,1.39,3.35
WY,Wyoming,2006,94.58,1.89,3.53
WY,Wyoming,2007,94.65,2.09,3.26
WY,Wyoming,2008,94.35,1.78,3.87
WY,Wyoming,2009,91.27,1.79,6.95
WY,Wyoming,2010,89.46,1.65,8.89
WY,Wyoming,2011,86.1,1.64,12.27
WY,Wyoming,2012,87.66,1.71,10.63
WY,Wyoming,2013,88.6,1.59,9.81
WY,Wyoming,2014,87.48,1.89,10.63
WY,Wyoming,2015,88.14,2.4,9.46
WY,Wyoming,2016,85.91,2.58,11.51
WY,Wyoming,2017,85.81,2.53,11.66
WY,Wyoming,2018,86.21,2.85,10.94
WY,Wyoming,2019,84.09,3.23,12.68
WY,Wyoming,2020,79.55,4.31,16.13
WY,Wyoming,2021,73.86,4.43,21.71
WY,Wyoming,2022,72.44,4.42,23.15
WY,Wyoming,2023,71.57,5.86,22.57
WY,Wyoming,2024,60.02,14.27,25.71
